time,open,high,low,close,volume,OHLC_MISSING,RECOVERY_AFTER_MISSING,SAR,SAR_NA,SAR_NZ_SENTINEL,INPUT_OPEN,INPUT_HIGH,INPUT_LOW,INPUT_CLOSE,INPUT_VOLUME,HIGH_NA,LOW_NA,CLOSE_NA,SAMPLE_INDEX,SOURCE_INDEX,SOURCE_TIME,CAPTURE_IS_OPEN_BAR
1791353640,84296.81,84296.82,84290.04,84290.04,,0,0,,1,123456,84296.81,84296.82,84290.04,84290.04,15.27813,0,0,0,0,0,1791353640000,0
1791353760,84290.05,84294.01,84232,84232.01,,0,0,84296.82,0,84296.82,84290.05,84294.01,84232,84232.01,84.75313,0,0,0,1,1,1791353760000,0
1791353880,84232,84232.01,84171,84171,,0,0,84296.82,0,84296.82,84232,84232.01,84171,84171,29.7044,0,0,0,2,2,1791353880000,0
1791354000,84171.01,84186.01,84144,84186.01,,0,0,84294.01,0,84294.01,84171.01,84186.01,84144,84186.01,52.91055,0,0,0,3,3,1791354000000,0
1791354120,84186.01,84203.49,84180,84180,,0,0,84285.0094,0,84285.0094,84186.01,84203.49,84180,84180,35.59283,0,0,0,4,4,1791354120000,0
1791354240,84180,84214.01,84178,84184.84,,0,0,84276.548836,0,84276.548836,84180,84214.01,84178,84184.84,45.40993,0,0,0,5,5,1791354240000,0
1791354360,84184.85,84212,84162,84212,,0,0,84268.59590584,0,84268.59590584,84184.85,84212,84162,84212,47.05079,0,0,0,6,6,1791354360000,0
1791354480,84212,84228,84186,84191.94,,0,0,84261.12015148961,0,84261.12015148961,84212,84228,84186,84191.94,45.05153,0,0,0,7,7,1791354480000,0
1791354600,84191.95,84208.04,84180.6,84181.96,,0,0,84254.09294240024,0,84254.09294240024,84191.95,84208.04,84180.6,84181.96,42.42874,0,0,0,8,8,1791354600000,0
1791354720,84181.95,84256,84181.95,84255.99,,0,0,84144,0,84144,84181.95,84256,84181.95,84255.99,38.85643,0,0,0,9,9,1791354720000,0
1791354840,84256,84300,84255.99,84299.99,,0,0,84146.24,0,84146.24,84256,84300,84255.99,84299.99,24.35398,0,0,0,10,10,1791354840000,0
1791354960,84299.99,84313.01,84299.99,84304,,0,0,84152.3904,0,84152.3904,84299.99,84313.01,84299.99,84304,21.35006,0,0,0,11,11,1791354960000,0
1791355080,84304,84304.01,84266,84300,,0,0,84162.02757600001,0,84162.02757600001,84304,84304.01,84266,84300,38.64814,0,0,0,12,12,1791355080000,0
1791355200,84300.01,84335.11,84300,84335.1,,0,0,84171.08652144001,0,84171.08652144001,84300.01,84335.11,84300,84335.1,28.44917,0,0,0,13,13,1791355200000,0
1791355320,84335.1,84379.31,84335.1,84368.02,,0,0,84184.20839972481,0,84184.20839972481,84335.1,84379.31,84335.1,84368.02,32.89029,0,0,0,14,14,1791355320000,0
1791355440,84368.02,84368.03,84324,84324.01,,0,0,84203.71855975233,0,84203.71855975233,84368.02,84368.03,84324,84324.01,38.08219,0,0,0,15,15,1791355440000,0
1791355560,84324,84324.01,84318,84318,,0,0,84221.2777037771,0,84221.2777037771,84324,84324.01,84318,84318,10.13303,0,0,0,16,16,1791355560000,0
1791355680,84318.01,84318.01,84271.33,84294,,0,0,84237.0809333994,0,84237.0809333994,84318.01,84318.01,84271.33,84294,27.98974,0,0,0,17,17,1791355680000,0
1791355800,84294,84309.03,84294,84309.01,,0,0,84251.30384005945,0,84251.30384005945,84294,84309.03,84294,84309.01,12.48067,0,0,0,18,18,1791355800000,0
1791355920,84309.01,84309.02,84270.87,84270.87,,0,0,84264.10445605351,0,84264.10445605351,84309.01,84309.02,84270.87,84270.87,21.41166,0,0,0,19,19,1791355920000,0
1791356040,84270.87,84270.88,84262.09,84262.09,,0,0,84379.31,0,84379.31,84270.87,84270.88,84262.09,84262.09,24.36531,0,0,0,20,20,1791356040000,0
1791356160,84262.1,84262.1,84262.09,84262.1,,0,0,84376.9656,0,84376.9656,84262.1,84262.1,84262.09,84262.1,20.23856,0,0,0,21,21,1791356160000,0
1791356280,84262.1,84262.1,84229.67,84229.67,,0,0,84374.66808799999,0,84374.66808799999,84262.1,84262.1,84229.67,84229.67,27.79345,0,0,0,22,22,1791356280000,0
1791356400,84229.68,84234.01,84216.01,84229.94,,0,0,84368.86816448,0,84368.86816448,84229.68,84234.01,84216.01,84229.94,22.95211,0,0,0,23,23,1791356400000,0
1791356520,84229.95,84238.01,84201.84,84215.35,,0,0,84359.6966746112,0,84359.6966746112,84229.95,84238.01,84201.84,84215.35,29.57922,0,0,0,24,24,1791356520000,0
1791356640,84215.36,84215.36,84188.01,84188.01,,0,0,84347.06814064231,0,84347.06814064231,84215.36,84215.36,84188.01,84188.01,26.9668,0,0,0,25,25,1791356640000,0
1791356760,84188.01,84188.02,84163.91,84163.91,,0,0,84331.16232657808,0,84331.16232657808,84188.01,84188.02,84163.91,84163.91,39.42712,0,0,0,26,26,1791356760000,0
1791356880,84163.91,84163.92,84154,84154.01,,0,0,84311.09204738871,0,84311.09204738871,84163.91,84163.92,84154,84154.01,26.21679,0,0,0,27,27,1791356880000,0
1791357000,84154,84250.99,84154,84225.99,,0,0,84289.0991607543,0,84289.0991607543,84154,84250.99,84154,84225.99,50.43649,0,0,0,28,28,1791357000000,0
1791357120,84226,84258.07,84225.99,84258.06,,0,0,84270.1852782487,0,84270.1852782487,84226,84258.07,84225.99,84258.06,40.05375,0,0,0,29,29,1791357120000,0
1791357240,84258.06,84265.73,84258.06,84265.72,,0,0,84154,0,84154,84258.06,84265.73,84258.06,84265.72,27.273940000000003,0,0,0,30,30,1791357240000,0
1791357360,84265.73,84265.73,84265.72,84265.72,,0,0,84156.2346,0,84156.2346,84265.73,84265.73,84265.72,84265.72,4.21569,0,0,0,31,31,1791357360000,1
