time,open,high,low,close,volume,CONSUMER,TARGET_LENGTH,TARGET_EQUAL,TARGET_NA,INDEX,CONTROL_CLOSE,CAPTURE_IS_OPEN_BAR
1791348600,84135.35,84174.01,84135.35,84163.92,,2,2,1,0,0,84163.92,0
1791348720,84163.93,84180.95,84143.23,84143.23,,2,2,1,0,1,84143.23,0
1791348840,84143.23,84143.23,84100,84100,,2,2,1,0,2,84100,0
1791348960,84100.01,84106.94,84086.78,84106.93,,2,2,1,0,3,84106.93,0
1791349080,84106.93,84106.94,84097.68,84103.06,,2,2,1,0,4,84103.06,0
1791349200,84103.07,84117.53,84103.06,84105.19,,2,2,1,0,5,84105.19,0
1791349320,84105.19,84138.16,84105.18,84130.01,,2,2,1,0,6,84130.01,0
1791349440,84130,84140.01,84084.47,84140.01,,2,2,1,0,7,84140.01,0
1791349560,84140.01,84149.04,84126,84149.04,,2,2,1,0,8,84149.04,0
1791349680,84149.03,84200.01,84149.03,84200,,2,2,1,0,9,84200,0
1791349800,84200.01,84216.86,84190.01,84208.56,,2,2,1,0,10,84208.56,0
1791349920,84208.56,84210.5,84160.2,84177.13,,2,2,1,0,11,84177.13,0
1791350040,84177.14,84189.72,84171.61,84186,,2,2,1,0,12,84186,0
1791350160,84186.01,84186.01,84170,84170.01,,2,2,1,0,13,84170.01,0
1791350280,84170.01,84186.96,84170,84186.96,,2,2,1,0,14,84186.96,0
1791350400,84186.96,84218.01,84186.96,84218.01,,2,2,1,0,15,84218.01,0
1791350520,84218,84244.01,84218,84234.74,,2,2,1,0,16,84234.74,0
1791350640,84234.75,84234.75,84216.95,84219.49,,2,2,1,0,17,84219.49,0
1791350760,84219.49,84234.01,84219.48,84230.27,,2,2,1,0,18,84230.27,0
1791350880,84230.27,84230.28,84194,84194,,2,2,1,0,19,84194,0
1791351000,84194.01,84240.01,84194,84240,,2,2,1,0,20,84240,0
1791351120,84240.01,84249.88,84240,84240.22,,2,2,1,0,21,84240.22,0
1791351240,84240.22,84240.22,84214.71,84220.05,,2,2,1,0,22,84220.05,0
1791351360,84220.05,84220.05,84176.14,84186.01,,2,2,1,0,23,84186.01,0
1791351480,84186,84198.01,84186,84198,,2,2,1,0,24,84198,0
1791351600,84198.01,84242.01,84198,84242,,2,2,1,0,25,84242,0
1791351720,84242,84242.01,84212,84212,,2,2,1,0,26,84212,0
1791351840,84212,84233.68,84212,84228.68,,2,2,1,0,27,84228.68,0
1791351960,84228.69,84258.01,84228.68,84258,,2,2,1,0,28,84258,0
1791352080,84258.01,84291.4,84256,84291.39,,2,2,1,0,29,84291.39,0
1791352200,84291.39,84320,84291.39,84296.34,,2,2,1,0,30,84296.34,0
1791352320,84296.33,84308.01,84267.19,84267.2,,2,2,1,0,31,84267.2,1
