time,open,high,low,close,volume,INDEX,TEXT_LENGTH,MATCH_LITERAL,CAPTURE_IS_OPEN_BAR
1791346080,84110.03,84148.14,84100,84148.13,17.4169,0,15,1,0
1791346200,84148.14,84148.14,84146.78,84146.78,10.21525,1,15,1,0
1791346320,84146.78,84148.99,84138,84147.51,15.92774,2,15,1,0
1791346440,84147.51,84150.01,84138.01,84138.01,12.56301,3,15,1,0
1791346560,84138.01,84138.02,84069.36,84106.72,18.78356,4,15,1,0
1791346680,84106.72,84108.27,84066.96,84097.7,14.06332,5,15,1,0
1791346800,84097.69,84119.3,84050.02,84112,17.82428,6,15,1,0
1791346920,84112,84116.01,84090.01,84116,11.10668,7,15,1,0
1791347040,84116.01,84158.76,84097.68,84158.75,19.29179,8,15,1,0
1791347160,84158.75,84174.01,84140,84150.01,12.55068,9,15,1,0
1791347280,84150,84171.69,84138,84149.83,10.78091,10,15,1,0
1791347400,84149.84,84149.84,84094.55,84106,11.99938,11,15,1,0
1791347520,84106,84106.01,84050,84064.01,13.90131,12,15,1,0
1791347640,84064,84090.86,84064,84068.39,7.64625,13,15,1,0
1791347760,84068.39,84144.01,84068.38,84098,14.45186,14,15,1,0
1791347880,84098,84132.01,84098,84112.02,15.62663,15,15,1,0
1791348000,84112.01,84112.02,84074.14,84110.41,7.98104,16,15,1,0
1791348120,84110.41,84118.01,84044,84044.01,19.56364,17,15,1,0
1791348240,84044.01,84120.09,84044,84110,35.02038,18,15,1,0
1791348360,84110,84133.95,84110,84133.94,7.42079,19,15,1,0
1791348480,84133.95,84136.01,84112.12,84135.36,12.45629,20,15,1,0
1791348600,84135.35,84174.01,84135.35,84163.92,11.83342,21,15,1,0
1791348720,84163.93,84180.95,84143.23,84143.23,17.16558,22,15,1,0
1791348840,84143.23,84143.23,84100,84100,25.81208,23,15,1,0
1791348960,84100.01,84106.94,84086.78,84106.93,9.52226,24,15,1,0
1791349080,84106.93,84106.94,84097.68,84103.06,4.75529,25,15,1,0
1791349200,84103.07,84117.53,84103.06,84105.19,10.47898,26,15,1,0
1791349320,84105.19,84138.16,84105.18,84130.01,13.33656,27,15,1,0
1791349440,84130,84140.01,84084.47,84140.01,28.7438,28,15,1,0
1791349560,84140.01,84149.04,84126,84149.04,8.25951,29,15,1,0
1791349680,84149.03,84200.01,84149.03,84200,9.75256,30,15,1,0
1791349800,84200.01,84200.02,84200,84200.01,3.94257,31,15,1,1
