time,open,high,low,close,volume,SAME_REFERENCE,DISTINCT_EQUAL_FIELDS,EQUAL_FIELDS_NOT_STORED,SAME_REFERENCE_AFTER_FIELD_WRITE,DISTINCT_AFTER_FIELD_WRITE,NOT_STORED_AFTER_FIELD_WRITE,BAR_INDEX,CAPTURE_IS_OPEN_BAR
1791346320,84146.78,84148.99,84138,84147.51,15.92774,1,1,0,1,1,0,0,0
1791346440,84147.51,84150.01,84138.01,84138.01,12.56301,1,1,0,1,1,0,1,0
1791346560,84138.01,84138.02,84069.36,84106.72,18.78356,1,1,0,1,1,0,2,0
1791346680,84106.72,84108.27,84066.96,84097.7,14.06332,1,1,0,1,1,0,3,0
1791346800,84097.69,84119.3,84050.02,84112,17.82428,1,1,0,1,1,0,4,0
1791346920,84112,84116.01,84090.01,84116,11.10668,1,1,0,1,1,0,5,0
1791347040,84116.01,84158.76,84097.68,84158.75,19.29179,1,1,0,1,1,0,6,0
1791347160,84158.75,84174.01,84140,84150.01,12.55068,1,1,0,1,1,0,7,0
1791347280,84150,84171.69,84138,84149.83,10.78091,1,1,0,1,1,0,8,0
1791347400,84149.84,84149.84,84094.55,84106,11.99938,1,1,0,1,1,0,9,0
1791347520,84106,84106.01,84050,84064.01,13.90131,1,1,0,1,1,0,10,0
1791347640,84064,84090.86,84064,84068.39,7.64625,1,1,0,1,1,0,11,0
1791347760,84068.39,84144.01,84068.38,84098,14.45186,1,1,0,1,1,0,12,0
1791347880,84098,84132.01,84098,84112.02,15.62663,1,1,0,1,1,0,13,0
1791348000,84112.01,84112.02,84074.14,84110.41,7.98104,1,1,0,1,1,0,14,0
1791348120,84110.41,84118.01,84044,84044.01,19.56364,1,1,0,1,1,0,15,0
1791348240,84044.01,84120.09,84044,84110,35.02038,1,1,0,1,1,0,16,0
1791348360,84110,84133.95,84110,84133.94,7.42079,1,1,0,1,1,0,17,0
1791348480,84133.95,84136.01,84112.12,84135.36,12.45629,1,1,0,1,1,0,18,0
1791348600,84135.35,84174.01,84135.35,84163.92,11.83342,1,1,0,1,1,0,19,0
1791348720,84163.93,84180.95,84143.23,84143.23,17.16558,1,1,0,1,1,0,20,0
1791348840,84143.23,84143.23,84100,84100,25.81208,1,1,0,1,1,0,21,0
1791348960,84100.01,84106.94,84086.78,84106.93,9.52226,1,1,0,1,1,0,22,0
1791349080,84106.93,84106.94,84097.68,84103.06,4.75529,1,1,0,1,1,0,23,0
1791349200,84103.07,84117.53,84103.06,84105.19,10.47898,1,1,0,1,1,0,24,0
1791349320,84105.19,84138.16,84105.18,84130.01,13.33656,1,1,0,1,1,0,25,0
1791349440,84130,84140.01,84084.47,84140.01,28.7438,1,1,0,1,1,0,26,0
1791349560,84140.01,84149.04,84126,84149.04,8.25951,1,1,0,1,1,0,27,0
1791349680,84149.03,84200.01,84149.03,84200,9.75256,1,1,0,1,1,0,28,0
1791349800,84200.01,84216.86,84190.01,84208.56,20.86357,1,1,0,1,1,0,29,0
1791349920,84208.56,84210.5,84160.2,84177.13,19.44016,1,1,0,1,1,0,30,0
1791350040,84177.14,84189.72,84171.61,84171.62,4.02617,1,1,0,1,1,0,31,1
