time,open,high,low,close,PRICE
1791100680,85054.26,85112.65,85054.26,85106,85106
1791100800,85106.01,85170.19,85105.73,85170.19,85170.19
1791100920,85170.18,85180.12,85115.99,85116,85116
1791101040,85115.99,85136.01,85115.99,85136.01,85136.01
1791101160,85136,85153.65,85112.49,85112.49,85112.49
1791101280,85112.49,85124.18,85096.01,85124.18,85124.18
1791101400,85124.17,85160.01,85124.17,85160,85160
1791101520,85160,85175.54,85160,85175.54,85175.54
1791101640,85175.54,85175.54,85149.9,85149.9,85149.9
1791101760,85149.91,85149.91,85134.3,85148,85148
1791101880,85148,85148,85130,85130.01,85130.01
1791102000,85130,85131.38,85124,85131.38,85131.38
1791102120,85131.38,85146,85131.37,85145.99,85145.99
1791102240,85145.99,85158,85145.99,85158,85158
1791102360,85158,85192.01,85158,85192,85192
1791102480,85192,85195.84,85136.04,85137.99,85137.99
1791102600,85137.99,85148.64,85064,85064.01,85064.01
1791102720,85064,85090.01,85060.65,85067.99,85067.99
1791102840,85068,85085.02,85059.02,85059.03,85059.03
1791102960,85059.03,85065.07,85053.01,85053.02,85053.02
1791103080,85053.02,85053.02,85032.99,85033,85033
1791103200,85033,85068,85032.99,85068,85068
1791103320,85068,85070.37,85067.99,85070.36,85070.36
1791103440,85070.36,85084.95,85070.36,85084.94,85084.94
1791103560,85084.95,85114.01,85084.94,85114,85114
1791103680,85114.01,85114.01,85114,85114.01,85114.01
1791103800,85114.01,85118.01,85095.92,85100.23,85100.23
1791103920,85100.23,85100.23,85100.22,85100.23,85100.23
1791104040,85100.23,85100.23,85100.22,85100.22,85100.22
1791104160,85100.22,85100.23,85100.22,85100.22,85100.22
1791104280,85100.22,85106.48,85100.22,85106.48,85106.48
1791104400,85106.48,85106.48,85106.47,85106.47,85106.47
1791104520,85106.48,85106.48,85067.41,85067.41,85067.41
1791104640,85067.42,85067.42,85059.9,85059.9,85059.9
1791104760,85059.91,85111.52,85058.34,85111.51,85111.51
1791104880,85111.51,85126.01,85111.51,85126,85126
1791105000,85126.01,85141.96,85126,85141.15,85141.15
1791105120,85141.14,85141.15,85141.14,85141.15,85141.15
1791105240,85141.15,85141.15,85128.01,85140.01,85140.01
1791105360,85140,85154.01,85140,85154.01,85154.01
1791105480,85154.01,85172.01,85154.01,85172.01,85172.01
1791105600,85172.01,85172.01,85172,85172.01,85172.01
1791105720,85172,85201.53,85172,85201.53,85201.53
1791105840,85201.53,85219.56,85201.52,85212.57,85212.57
1791105960,85212.58,85250.99,85201.72,85237.46,85237.46
1791106080,85237.45,85281.69,85237.45,85264.07,85264.07
1791106200,85264.08,85289.63,85257.66,85257.67,85257.67
1791106320,85257.66,85269.79,85234,85234,85234
1791106440,85234.01,85238.01,85187.22,85195.41,85195.41
1791106560,85195.41,85240.01,85195.4,85232.37,85232.37
1791106680,85232.36,85232.69,85210,85232.69,85232.69
1791106800,85232.69,85280.01,85232.68,85280,85280
1791106920,85280,85294.01,85260.25,85272.47,85272.47
1791107040,85272.46,85288.85,85272.46,85288.85,85288.85
1791107160,85288.85,85318.01,85288.84,85316.01,85316.01
1791107280,85316,85339.55,85280.67,85280.68,85280.68
1791107400,85280.67,85280.68,85248.01,85248.01,85248.01
1791107520,85248.01,85252.11,85248.01,85252.1,85252.1
1791107640,85252.11,85261.67,85252.1,85261.67,85261.67
1791107760,85261.67,85261.67,85228.39,85233.84,85233.84
1791107880,85233.84,85249.96,85233.83,85233.84,85233.84
1791108000,85233.84,85244,85233.83,85234.03,85234.03
1791108120,85234.03,85271.53,85234.03,85271.53,85271.53
1791108240,85271.52,85272.51,85262.36,85272.5,85272.5
1791108360,85272.51,85282.36,85254.79,85254.8,85254.8
1791108480,85254.8,85254.8,85251.18,85251.67,85251.67
1791108600,85251.67,85251.68,85245.9,85245.91,85245.91
1791108720,85245.9,85245.91,85223.49,85223.5,85223.5
1791108840,85223.49,85289.6,85223.49,85289.59,85289.59
1791108960,85289.59,85309.98,85289.59,85309.97,85309.97
1791109080,85309.97,85428.01,85309.97,85390,85390
1791109200,85390,85391.89,85360,85378.01,85378.01
1791109320,85378,85405.69,85375.08,85375.08,85375.08
1791109440,85375.09,85396,85375.08,85396,85396
1791109560,85395.99,85408.01,85385.62,85408.01,85408.01
1791109680,85408,85428,85375.06,85375.06,85375.06
1791109800,85375.07,85404.84,85375.07,85404.76,85404.76
1791109920,85404.75,85404.76,85356,85384,85384
1791110040,85384,85384,85320,85320,85320
1791110160,85320,85320.01,85293.42,85293.43,85293.43
1791110280,85293.43,85320.01,85293.42,85310.79,85310.79
1791110400,85310.79,85346.43,85302.16,85346.43,85346.43
1791110520,85346.43,85346.43,85343.03,85343.04,85343.04
1791110640,85343.03,85343.04,85332.35,85342.76,85342.76
1791110760,85342.76,85342.76,85320.37,85320.37,85320.37
1791110880,85320.38,85330.72,85320.37,85330.72,85330.72
1791111000,85330.72,85344.81,85330.71,85334.69,85334.69
1791111120,85334.69,85334.69,85334.68,85334.69,85334.69
1791111240,85334.69,85334.69,85334.68,85334.68,85334.68
1791111360,85334.68,85334.69,85302.01,85302.02,85302.02
1791111480,85302.01,85302.02,85254.63,85264.01,85264.01
1791111600,85264.01,85264.01,85250,85250,85250
1791111720,85250.01,85250.01,85217.79,85217.8,85217.8
1791111840,85217.8,85262.01,85203.65,85262.01,85262.01
1791111960,85262,85263.09,85262,85263.08,85263.08
1791112080,85263.09,85263.09,85263.08,85263.08,85263.08
1791112200,85263.09,85272.53,85263.08,85272.53,85272.53
1791112320,85272.53,85272.53,85261.78,85261.79,85261.79
1791112440,85261.78,85272.55,85255.98,85272.55,85272.55
1791112560,85272.55,85280,85272.54,85277.26,85277.26
1791112680,85277.26,85277.27,85262.95,85262.96,85262.96
1791112800,85262.96,85293.35,85262.95,85288.01,85288.01
1791112920,85288,85288.01,85288,85288.01,85288.01
1791113040,85288.01,85288.01,85288,85288.01,85288.01
1791113160,85288,85320.16,85288,85320.16,85320.16
1791113280,85320.16,85320.16,85310,85312.01,85312.01
1791113400,85312,85315.14,85312,85315.13,85315.13
1791113520,85315.14,85315.14,85304.75,85315.12,85315.12
1791113640,85315.12,85315.12,85299.68,85299.69,85299.69
1791113760,85299.68,85299.69,85299.25,85299.26,85299.26
1791113880,85299.26,85299.26,85272.61,85272.62,85272.62
1791114000,85272.61,85275.82,85271.71,85275.82,85275.82
1791114120,85275.82,85285.49,85267.86,85267.87,85267.87
1791114240,85267.87,85280.94,85267.86,85280.94,85280.94
1791114360,85280.93,85280.94,85280.93,85280.93,85280.93
1791114480,85280.93,85280.94,85260,85275.19,85275.19
1791114600,85275.18,85280.94,85275.18,85280.94,85280.94
1791114720,85280.94,85302.01,85280.93,85302,85302
1791114840,85302.01,85302.01,85302,85302,85302
1791114960,85302,85302.01,85302,85302,85302
1791115080,85302.01,85309.47,85297.9,85309.46,85309.46
1791115200,85309.47,85340,85309.46,85340,85340
1791115320,85339.99,85341.65,85339.99,85341.64,85341.64
1791115440,85341.64,85345.07,85341.64,85345.06,85345.06
1791115560,85345.07,85370.38,85345.06,85370.37,85370.37
1791115680,85370.38,85370.88,85370.37,85370.87,85370.87
1791115800,85370.87,85389,85369.31,85369.38,85369.38
1791115920,85369.39,85369.39,85287.99,85288,85288
1791116040,85288.01,85288.01,85236.42,85236.42,85236.42
1791116160,85236.42,85236.43,85175.99,85206.02,85206.02
1791116280,85206.02,85267.74,85206.02,85246,85246
1791116400,85246.01,85286.98,85246,85286.97,85286.97
1791116520,85286.97,85298.01,85281.7,85281.7,85281.7
1791116640,85281.71,85296.01,85272.17,85294.67,85294.67
1791116760,85294.67,85294.67,85284.16,85284.17,85284.17
1791116880,85284.17,85286.91,85276,85276,85276
1791117000,85276.01,85300.71,85276,85300.71,85300.71
1791117120,85300.7,85300.71,85263.91,85280,85280
1791117240,85280,85280.01,85262.23,85262.23,85262.23
1791117360,85262.24,85262.24,85251.5,85251.5,85251.5
1791117480,85251.5,85251.51,85251,85251,85251
1791117600,85251,85251.01,85250.73,85250.74,85250.74
1791117720,85250.73,85250.74,85240.97,85242,85242
1791117840,85242.01,85242.01,85197.26,85202.64,85202.64
1791117960,85202.65,85209.91,85148,85162.01,85162.01
1791118080,85162,85162,85160,85160.01,85160.01
1791118200,85160.01,85165.25,85160,85165.25,85165.25
1791118320,85165.24,85165.25,85155.26,85155.26,85155.26
1791118440,85155.27,85155.27,85097.19,85104.15,85104.15
1791118560,85104.14,85112.51,85098,85112.51,85112.51
1791118680,85112.51,85134.01,85112.5,85127.94,85127.94
1791118800,85127.94,85132.01,85122.64,85132,85132
1791118920,85132.01,85135.07,85126.39,85126.4,85126.4
1791119040,85126.4,85138.13,85125.99,85138.13,85138.13
1791119160,85138.13,85156.28,85138.12,85156.01,85156.01
1791119280,85156.02,85156.02,85126.02,85126.02,85126.02
1791119400,85126.02,85126.03,85126.02,85126.02,85126.02
1791119520,85126.03,85153.64,85126.02,85153.63,85153.63
1791119640,85153.63,85174.01,85153.63,85174.01,85174.01
1791119760,85174.01,85208.01,85174,85187.1,85187.1
1791119880,85187.1,85187.1,85161.8,85161.81,85161.81
1791120000,85161.81,85188.01,85161.8,85188.01,85188.01
1791120120,85188,85192.01,85188,85192.01,85192.01
1791120240,85192.01,85211.63,85192,85211.62,85211.62
1791120360,85211.62,85220,85211.37,85211.38,85211.38
1791120480,85211.38,85226.01,85211.37,85226,85226
1791120600,85226.01,85263.83,85226,85258.48,85258.48
1791120720,85258.47,85258.48,85258.47,85258.47,85258.47
1791120840,85258.47,85258.48,85232.9,85232.9,85232.9
1791120960,85232.9,85282.01,85229.75,85282.01,85282.01
1791121080,85282,85321.41,85258.47,85258.47,85258.47
1791121200,85258.47,85258.48,85216,85216,85216
1791121320,85216.01,85240.01,85204.95,85230.01,85230.01
1791121440,85230.01,85234,85214.81,85214.82,85214.82
1791121560,85214.81,85273.55,85214,85273.55,85273.55
1791121680,85273.54,85290.01,85273.54,85290.01,85290.01
1791121800,85290,85290.01,85273.54,85273.55,85273.55
1791121920,85273.54,85273.55,85264.75,85264.76,85264.76
1791122040,85264.76,85264.76,85252.28,85252.29,85252.29
1791122160,85252.29,85252.29,85248.5,85248.5,85248.5
1791122280,85248.5,85248.51,85241.14,85241.14,85241.14
1791122400,85241.15,85241.15,85240,85240.01,85240.01
1791122520,85240.01,85240.01,85218.01,85233.51,85233.51
1791122640,85233.5,85245.17,85233.5,85245.16,85245.16
1791122760,85245.17,85245.17,85212.97,85212.98,85212.98
1791122880,85212.98,85212.98,85212.97,85212.97,85212.97
1791123000,85212.98,85212.98,85161.42,85161.43,85161.43
1791123120,85161.42,85199.38,85161.42,85199.38,85199.38
1791123240,85199.38,85210,85199.37,85210,85210
1791123360,85209.99,85210,85203.55,85203.56,85203.56
1791123480,85203.55,85203.56,85164.25,85164.26,85164.26
1791123600,85164.25,85164.26,85138,85138.14,85138.14
1791123720,85138.13,85161.61,85132.25,85161.6,85161.6
1791123840,85161.61,85170.91,85161.6,85170.91,85170.91
1791123960,85170.91,85187.96,85170,85187.96,85187.96
1791124080,85187.95,85194.22,85187.77,85187.77,85187.77
1791124200,85187.78,85198.83,85181.33,85183.86,85183.86
1791124320,85183.85,85193.1,85182.9,85182.91,85182.91
1791124440,85182.91,85196.27,85170.92,85195.46,85195.46
1791124560,85195.46,85195.46,85151.17,85151.17,85151.17
1791124680,85151.18,85151.18,85139.09,85139.09,85139.09
1791124800,85139.1,85139.1,85126.87,85126.87,85126.87
1791124920,85126.87,85126.88,85126.85,85126.85,85126.85
1791125040,85126.86,85126.86,85126.85,85126.85,85126.85
1791125160,85126.86,85136.93,85094,85109.53,85109.53
1791125280,85109.53,85124.01,85106.24,85124.01,85124.01
1791125400,85124.01,85163.46,85124,85163.46,85163.46
1791125520,85163.46,85222.54,85163.45,85222.53,85222.53
1791125640,85222.54,85245.16,85222.53,85245.16,85245.16
1791125760,85245.16,85271.23,85243.26,85271.22,85271.22
1791125880,85271.23,85280,85271.22,85278.44,85278.44
1791126000,85278.45,85293.84,85278.44,85293.83,85293.83
1791126120,85293.83,85330,85280,85329.99,85329.99
1791126240,85329.99,85366.66,85320.34,85320.35,85320.35
1791126360,85320.35,85320.35,85268,85268.01,85268.01
1791126480,85268.01,85268.01,85242.65,85250,85250
1791126600,85250,85300,85249.99,85300,85300
1791126720,85299.99,85326,85299.99,85326,85326
1791126840,85326,85358.38,85325.99,85356,85356
1791126960,85356,85358.38,85349.12,85358.38,85358.38
1791127080,85358.38,85460.01,85358.36,85446,85446
1791127200,85446,85470,85399.42,85399.43,85399.43
1791127320,85399.42,85402.01,85382,85382,85382
1791127440,85382.01,85382.01,85304,85304.01,85304.01
1791127560,85304,85350,85284.47,85350,85350
1791127680,85350,85354.01,85320,85320.01,85320.01
1791127800,85320.01,85320.01,85288.01,85299.38,85299.38
1791127920,85299.38,85314.58,85299.37,85299.38,85299.38
1791128040,85299.39,85299.39,85289.71,85289.74,85289.74
1791128160,85289.74,85289.74,85284.98,85286.55,85286.55
1791128280,85286.56,85300,85286.55,85299.99,85299.99
1791128400,85299.99,85326.01,85299.99,85326.01,85326.01
1791128520,85326.01,85349.19,85326,85342.77,85342.77
1791128640,85342.78,85342.78,85342.77,85342.78,85342.78
1791128760,85342.77,85342.78,85342.77,85342.77,85342.77
1791128880,85342.78,85398.33,85342.61,85342.62,85342.62
1791129000,85342.62,85342.62,85342.61,85342.62,85342.62
1791129120,85342.62,85342.62,85340.58,85340.59,85340.59
1791129240,85340.58,85340.59,85323.09,85323.09,85323.09
1791129360,85323.1,85323.1,85320,85320,85320
1791129480,85320.01,85320.01,85256,85256.01,85256.01
1791129600,85256.01,85263.91,85256,85256.02,85256.02
1791129720,85256.02,85256.02,85200,85202.12,85202.12
1791129840,85202.11,85202.12,85178.49,85184,85184
1791129960,85184.01,85220.66,85184,85220.66,85220.66
1791130080,85220.65,85256.01,85220.65,85256.01,85256.01
1791130200,85256.01,85295.3,85256,85259.38,85259.38
1791130320,85259.37,85259.38,85259.37,85259.37,85259.37
1791130440,85259.38,85296.01,85259.37,85296.01,85296.01
1791130560,85296.01,85309.9,85267.19,85267.19,85267.19
1791130680,85267.2,85270.01,85267.19,85270.01,85270.01
1791130800,85270,85270.01,85234.85,85234.86,85234.86
1791130920,85234.85,85235.38,85208,85235.37,85235.37
1791131040,85235.37,85235.38,85219.51,85219.52,85219.52
1791131160,85219.52,85219.52,85219.51,85219.51,85219.51
1791131280,85219.52,85243.71,85219.51,85243.71,85243.71
1791131400,85243.7,85270.01,85243.7,85270.01,85270.01
1791131520,85270.01,85297,85270,85296.99,85296.99
1791131640,85296.99,85301.68,85296.99,85301.67,85301.67
1791131760,85301.67,85315.55,85301.67,85315.55,85315.55
1791131880,85315.55,85334.01,85315.04,85323.1,85323.1
1791132000,85323.09,85330.43,85323.09,85330.43,85330.43
1791132120,85330.42,85345.37,85330.42,85345.37,85345.37
1791132240,85345.36,85345.37,85331.59,85336.19,85336.19
1791132360,85336.19,85340.01,85336.18,85340.01,85340.01
1791132480,85340.01,85433.16,85340,85432.01,85432.01
1791132600,85432.01,85432.01,85382,85394.01,85394.01
1791132720,85394.01,85394.01,85372,85372,85372
1791132840,85372,85372.01,85348.51,85361.84,85361.84
1791132960,85361.84,85377.8,85361.84,85377.79,85377.79
1791133080,85377.79,85377.8,85374,85374,85374
1791133200,85374,85386.01,85374,85380.46,85380.46
1791133320,85380.46,85380.47,85368,85374.57,85374.57
1791133440,85374.57,85392.01,85374.57,85392.01,85392.01
1791133560,85392.01,85392.01,85368,85368,85368
1791133680,85368,85368.01,85340,85340,85340
1791133800,85340.01,85340.01,85332.66,85332.67,85332.67
1791133920,85332.66,85332.67,85317.84,85317.85,85317.85
1791134040,85317.85,85317.85,85317.84,85317.84,85317.84
1791134160,85317.85,85326,85317.84,85325.99,85325.99
1791134280,85326,85326,85325.99,85326,85326
1791134400,85326,85331.83,85325.99,85331.82,85331.82
1791134520,85331.82,85348.01,85330.45,85348,85348
1791134640,85348,85371.13,85348,85371.12,85371.12
1791134760,85371.13,85391.46,85371.12,85391.46,85391.46
1791134880,85391.45,85391.46,85386,85386,85386
1791135000,85386,85401.2,85386,85397.65,85397.65
1791135120,85397.65,85405.46,85397.64,85398.01,85398.01
1791135240,85398,85398.01,85372,85372.01,85372.01
1791135360,85372,85372.01,85367.06,85367.06,85367.06
1791135480,85367.06,85367.07,85341.16,85341.17,85341.17
1791135600,85341.16,85341.17,85341.16,85341.17,85341.17
1791135720,85341.17,85364,85336.27,85364,85364
1791135840,85364,85438.15,85364,85438.15,85438.15
1791135960,85438.15,85454.01,85438.15,85438.67,85438.67
1791136080,85438.67,85438.67,85391.46,85391.47,85391.47
1791136200,85391.47,85391.47,85386,85386.01,85386.01
1791136320,85386.01,85386.01,85338.87,85340.04,85340.04
1791136440,85340.04,85342.53,85330.01,85342.52,85342.52
1791136560,85342.52,85342.53,85319.52,85319.52,85319.52
1791136680,85319.52,85319.53,85319.52,85319.53,85319.53