time,open,high,low,close,volume,INPUT_OPEN,INPUT_HIGH,INPUT_LOW,INPUT_CLOSE,INPUT_VOLUME,HIGH_NA,LOW_NA,CLOSE_NA,OHLC_MISSING,VOLUME_MISSING,FINITE_RECOVERY,MODEL_RAW_INCREMENT,OBV,OBV_NA,OBV_NZ_SENTINEL,MODEL_CUM_INCREMENT,SAMPLE_INDEX,SOURCE_INDEX,SOURCE_TIME,CAPTURE_IS_OPEN_BAR
1791347160,102.07,102.093,102.07,102.089,,102.07,102.093,102.07,102.089,,0,0,0,0,1,0,,,1,123456,,0,0,1791347160000,0
1791347280,102.093,102.093,102.083,102.083,,102.093,102.093,102.083,102.083,,0,0,0,0,1,0,,,1,123456,,1,1,1791347280000,0
1791347400,102.084,102.084,102.077,102.077,,102.084,102.084,102.077,102.077,,0,0,0,0,1,0,,,1,123456,,2,2,1791347400000,0
1791347520,102.078,102.081,102.073,102.078,,102.078,102.081,102.073,102.078,,0,0,0,0,1,0,,,1,123456,,3,3,1791347520000,0
1791347640,102.075,102.081,102.074,102.076,,102.075,102.081,102.074,102.076,,0,0,0,0,1,0,,,1,123456,,4,4,1791347640000,0
1791347760,102.078,102.081,102.075,102.079,,102.078,102.081,102.075,102.079,,0,0,0,0,1,0,,,1,123456,,5,5,1791347760000,0
1791347880,102.078,102.081,102.073,102.075,,102.078,102.081,102.073,102.075,,0,0,0,0,1,0,,,1,123456,,6,6,1791347880000,0
1791348000,102.073,102.077,102.072,102.074,,102.073,102.077,102.072,102.074,,0,0,0,0,1,0,,,1,123456,,7,7,1791348000000,0
1791348120,102.077,102.08,102.074,102.076,,102.077,102.08,102.074,102.076,,0,0,0,0,1,0,,,1,123456,,8,8,1791348120000,0
1791348240,102.077,102.082,102.071,102.071,,102.077,102.082,102.071,102.071,,0,0,0,0,1,0,,,1,123456,,9,9,1791348240000,0
1791348360,102.074,102.076,102.067,102.07,,102.074,102.076,102.067,102.07,,0,0,0,0,1,0,,,1,123456,,10,10,1791348360000,0
1791348480,102.072,102.072,102.06,102.067,,102.072,102.072,102.06,102.067,,0,0,0,0,1,0,,,1,123456,,11,11,1791348480000,0
1791348600,102.068,102.068,102.059,102.062,,102.068,102.068,102.059,102.062,,0,0,0,0,1,0,,,1,123456,,12,12,1791348600000,0
1791348720,102.062,102.07,102.061,102.065,,102.062,102.07,102.061,102.065,,0,0,0,0,1,0,,,1,123456,,13,13,1791348720000,0
1791348840,102.066,102.071,102.062,102.064,,102.066,102.071,102.062,102.064,,0,0,0,0,1,0,,,1,123456,,14,14,1791348840000,0
1791348960,102.067,102.067,102.056,102.06,,102.067,102.067,102.056,102.06,,0,0,0,0,1,0,,,1,123456,,15,15,1791348960000,0
1791349080,102.059,102.07,102.055,102.067,,102.059,102.07,102.055,102.067,,0,0,0,0,1,0,,,1,123456,,16,16,1791349080000,0
1791349200,102.068,102.075,102.065,102.072,,102.068,102.075,102.065,102.072,,0,0,0,0,1,0,,,1,123456,,17,17,1791349200000,0
1791349320,102.075,102.08,102.068,102.07,,102.075,102.08,102.068,102.07,,0,0,0,0,1,0,,,1,123456,,18,18,1791349320000,0
1791349440,102.071,102.071,102.06,102.064,,102.071,102.071,102.06,102.064,,0,0,0,0,1,0,,,1,123456,,19,19,1791349440000,0
1791349560,102.065,102.066,102.058,102.064,,102.065,102.066,102.058,102.064,,0,0,0,0,1,0,,,1,123456,,20,20,1791349560000,0
1791349680,102.061,102.073,102.061,102.068,,102.061,102.073,102.061,102.068,,0,0,0,0,1,0,,,1,123456,,21,21,1791349680000,0
1791349800,102.066,102.072,102.06,102.062,,102.066,102.072,102.06,102.062,,0,0,0,0,1,0,,,1,123456,,22,22,1791349800000,0
1791349920,102.064,102.079,102.06,102.076,,102.064,102.079,102.06,102.076,,0,0,0,0,1,0,,,1,123456,,23,23,1791349920000,0
1791350040,102.074,102.089,102.073,102.083,,102.074,102.089,102.073,102.083,,0,0,0,0,1,0,,,1,123456,,24,24,1791350040000,0
1791350160,102.086,102.086,102.07,102.075,,102.086,102.086,102.07,102.075,,0,0,0,0,1,0,,,1,123456,,25,25,1791350160000,0
1791350280,102.078,102.078,102.071,102.076,,102.078,102.078,102.071,102.076,,0,0,0,0,1,0,,,1,123456,,26,26,1791350280000,0
1791350400,102.079,102.087,102.074,102.084,,102.079,102.087,102.074,102.084,,0,0,0,0,1,0,,,1,123456,,27,27,1791350400000,0
1791350520,102.088,102.088,102.078,102.081,,102.088,102.088,102.078,102.081,,0,0,0,0,1,0,,,1,123456,,28,28,1791350520000,0
1791350640,102.081,102.087,102.074,102.08,,102.081,102.087,102.074,102.08,,0,0,0,0,1,0,,,1,123456,,29,29,1791350640000,0
1791350760,102.084,102.091,102.079,102.083,,102.084,102.091,102.079,102.083,,0,0,0,0,1,0,,,1,123456,,30,30,1791350760000,0
1791350880,102.088,102.091,102.083,102.091,,102.088,102.091,102.083,102.091,0,0,0,0,0,0,1,0,0,0,0,0,31,31,1791350880000,1
