time,open,high,low,close,volume,ASC_ID0,ASC_ID1,ASC_ID2,DESC_ID0,DESC_ID1,DESC_ID2,SAMPLE_INDEX,SOURCE_INDEX,SOURCE_TIME,CAPTURE_IS_OPEN_BAR
1791347760,84068.39,84144.01,84068.38,84098,,43,17,29,29,17,43,0,0,1791347760000,0
1791347880,84098,84132.01,84098,84112.02,,43,17,29,29,17,43,1,1,1791347880000,0
1791348000,84112.01,84112.02,84074.14,84110.41,,43,17,29,29,17,43,2,2,1791348000000,0
1791348120,84110.41,84118.01,84044,84044.01,,43,17,29,29,17,43,3,3,1791348120000,0
1791348240,84044.01,84120.09,84044,84110,,43,17,29,29,17,43,4,4,1791348240000,0
1791348360,84110,84133.95,84110,84133.94,,43,17,29,29,17,43,5,5,1791348360000,0
1791348480,84133.95,84136.01,84112.12,84135.36,,43,17,29,29,17,43,6,6,1791348480000,0
1791348600,84135.35,84174.01,84135.35,84163.92,,43,17,29,29,17,43,7,7,1791348600000,0
1791348720,84163.93,84180.95,84143.23,84143.23,,43,17,29,29,17,43,8,8,1791348720000,0
1791348840,84143.23,84143.23,84100,84100,,43,17,29,29,17,43,9,9,1791348840000,0
1791348960,84100.01,84106.94,84086.78,84106.93,,43,17,29,29,17,43,10,10,1791348960000,0
1791349080,84106.93,84106.94,84097.68,84103.06,,43,17,29,29,17,43,11,11,1791349080000,0
1791349200,84103.07,84117.53,84103.06,84105.19,,43,17,29,29,17,43,12,12,1791349200000,0
1791349320,84105.19,84138.16,84105.18,84130.01,,43,17,29,29,17,43,13,13,1791349320000,0
1791349440,84130,84140.01,84084.47,84140.01,,43,17,29,29,17,43,14,14,1791349440000,0
1791349560,84140.01,84149.04,84126,84149.04,,43,17,29,29,17,43,15,15,1791349560000,0
1791349680,84149.03,84200.01,84149.03,84200,,43,17,29,29,17,43,16,16,1791349680000,0
1791349800,84200.01,84216.86,84190.01,84208.56,,43,17,29,29,17,43,17,17,1791349800000,0
1791349920,84208.56,84210.5,84160.2,84177.13,,43,17,29,29,17,43,18,18,1791349920000,0
1791350040,84177.14,84189.72,84171.61,84186,,43,17,29,29,17,43,19,19,1791350040000,0
1791350160,84186.01,84186.01,84170,84170.01,,43,17,29,29,17,43,20,20,1791350160000,0
1791350280,84170.01,84186.96,84170,84186.96,,43,17,29,29,17,43,21,21,1791350280000,0
1791350400,84186.96,84218.01,84186.96,84218.01,,43,17,29,29,17,43,22,22,1791350400000,0
1791350520,84218,84244.01,84218,84234.74,,43,17,29,29,17,43,23,23,1791350520000,0
1791350640,84234.75,84234.75,84216.95,84219.49,,43,17,29,29,17,43,24,24,1791350640000,0
1791350760,84219.49,84234.01,84219.48,84230.27,,43,17,29,29,17,43,25,25,1791350760000,0
1791350880,84230.27,84230.28,84194,84194,,43,17,29,29,17,43,26,26,1791350880000,0
1791351000,84194.01,84240.01,84194,84240,,43,17,29,29,17,43,27,27,1791351000000,0
1791351120,84240.01,84249.88,84240,84240.22,,43,17,29,29,17,43,28,28,1791351120000,0
1791351240,84240.22,84240.22,84214.71,84220.05,,43,17,29,29,17,43,29,29,1791351240000,0
1791351360,84220.05,84220.05,84176.14,84186.01,,43,17,29,29,17,43,30,30,1791351360000,0
1791351480,84186,84186.01,84186,84186,,43,17,29,29,17,43,31,31,1791351480000,1
