time,open,high,low,close,volume,INPUT_OPEN,INPUT_HIGH,INPUT_LOW,INPUT_CLOSE,INPUT_VOLUME,HIGH_NA,LOW_NA,CLOSE_NA,OHLC_MISSING,VOLUME_MISSING,FINITE_RECOVERY,MODEL_RAW_INCREMENT,WAD,WAD_NA,WAD_NZ_SENTINEL,MODEL_CUM_INCREMENT,SAMPLE_INDEX,SOURCE_INDEX,SOURCE_TIME,CAPTURE_IS_OPEN_BAR
1791347040,84116.01,84158.76,84097.68,84158.75,19.29179,84116.01,84158.76,84097.68,84158.75,19.29179,0,0,0,0,0,0,0,0,0,0,0,0,0,1791347040000,0
1791347160,84158.75,84174.01,84140,84150.01,12.55068,84158.75,84174.01,84140,84150.01,12.55068,0,0,0,0,0,0,-24,-24,0,-24,-24,1,1,1791347160000,0
1791347280,84150,84171.69,84138,84149.83,10.78091,84150,84171.69,84138,84149.83,10.78091,0,0,0,0,0,0,-21.860000000000582,-45.86000000000058,0,-45.86000000000058,-45.86000000000058,2,2,1791347280000,0
1791347400,84149.84,84149.84,84094.55,84106,11.99938,84149.84,84149.84,84094.55,84106,11.99938,0,0,0,0,0,0,-43.83999999999651,-89.69999999999709,0,-89.69999999999709,-89.69999999999709,3,3,1791347400000,0
1791347520,84106,84106.01,84050,84064.01,13.90131,84106,84106.01,84050,84064.01,13.90131,0,0,0,0,0,0,-42,-131.6999999999971,0,-131.6999999999971,-131.6999999999971,4,4,1791347520000,0
1791347640,84064,84090.86,84064,84068.39,7.64625,84064,84090.86,84064,84068.39,7.64625,0,0,0,0,0,0,4.389999999999418,-127.30999999999767,0,-127.30999999999767,-127.30999999999767,5,5,1791347640000,0
1791347760,84068.39,84144.01,84068.38,84098,14.45186,84068.39,84144.01,84068.38,84098,14.45186,0,0,0,0,0,0,29.619999999995343,-97.69000000000233,0,-97.69000000000233,-97.69000000000233,6,6,1791347760000,0
1791347880,84098,84132.01,84098,84112.02,15.62663,84098,84132.01,84098,84112.02,15.62663,0,0,0,0,0,0,14.020000000004075,-83.66999999999825,0,-83.66999999999825,-83.66999999999825,7,7,1791347880000,0
1791348000,84112.01,84112.02,84074.14,84110.41,7.98104,84112.01,84112.02,84074.14,84110.41,7.98104,0,0,0,0,0,0,0,-85.27999999999884,0,-85.27999999999884,-83.66999999999825,8,8,1791348000000,0
1791348120,84110.41,84118.01,84044,84044.01,19.56364,84110.41,84118.01,84044,84044.01,19.56364,0,0,0,0,0,0,-74,-159.27999999999884,0,-159.27999999999884,-157.66999999999825,9,9,1791348120000,0
1791348240,84044.01,84120.09,84044,84110,35.02038,84044.01,84120.09,84044,84110,35.02038,0,0,0,0,0,0,66,-93.27999999999884,0,-93.27999999999884,-91.66999999999825,10,10,1791348240000,0
1791348360,84110,84133.95,84110,84133.94,7.42079,84110,84133.95,84110,84133.94,7.42079,0,0,0,0,0,0,23.94000000000233,-69.33999999999651,0,-69.33999999999651,-67.72999999999593,11,11,1791348360000,0
1791348480,84133.95,84136.01,84112.12,84135.36,12.45629,84133.95,84136.01,84112.12,84135.36,12.45629,0,0,0,0,0,0,23.24000000000524,-46.09999999999127,0,-46.09999999999127,-44.48999999999069,12,12,1791348480000,0
1791348600,84135.35,84174.01,84135.35,84163.92,11.83342,84135.35,84174.01,84135.35,84163.92,11.83342,0,0,0,0,0,0,28.569999999992433,-17.529999999998836,0,-17.529999999998836,-15.919999999998254,13,13,1791348600000,0
1791348720,84163.93,84180.95,84143.23,84143.23,17.16558,84163.93,84180.95,84143.23,84143.23,17.16558,0,0,0,0,0,0,0,-55.25,0,-55.25,-15.919999999998254,14,14,1791348720000,0
1791348840,84143.23,84143.23,84100,84100,25.81208,84143.23,84143.23,84100,84100,25.81208,0,0,0,0,0,0,-43.229999999995925,-98.47999999999593,0,-98.47999999999593,-59.14999999999418,15,15,1791348840000,0
1791348960,84100.01,84106.94,84086.78,84106.93,9.52226,84100.01,84106.94,84086.78,84106.93,9.52226,0,0,0,0,0,0,20.14999999999418,-78.33000000000175,0,-78.33000000000175,-39,16,16,1791348960000,0
1791349080,84106.93,84106.94,84097.68,84103.06,4.75529,84106.93,84106.94,84097.68,84103.06,4.75529,0,0,0,0,0,0,0,-82.2100000000064,0,-82.2100000000064,-39,17,17,1791349080000,0
1791349200,84103.07,84117.53,84103.06,84105.19,10.47898,84103.07,84117.53,84103.06,84105.19,10.47898,0,0,0,0,0,0,2.1300000000046566,-80.08000000000175,0,-80.08000000000175,-36.86999999999534,18,18,1791349200000,0
1791349320,84105.19,84138.16,84105.18,84130.01,13.33656,84105.19,84138.16,84105.18,84130.01,13.33656,0,0,0,0,0,0,24.830000000001746,-55.25,0,-55.25,-12.039999999993597,19,19,1791349320000,0
1791349440,84130,84140.01,84084.47,84140.01,28.7438,84130,84140.01,84084.47,84140.01,28.7438,0,0,0,0,0,0,55.5399999999936,0.28999999999359716,0,0.28999999999359716,43.5,20,20,1791349440000,0
1791349560,84140.01,84149.04,84126,84149.04,8.25951,84140.01,84149.04,84126,84149.04,8.25951,0,0,0,0,0,0,23.039999999993597,23.329999999987194,0,23.329999999987194,66.5399999999936,21,21,1791349560000,0
1791349680,84149.03,84200.01,84149.03,84200,9.75256,84149.03,84200.01,84149.03,84200,9.75256,0,0,0,0,0,0,50.970000000001164,74.29999999998836,0,74.29999999998836,117.50999999999476,22,22,1791349680000,0
1791349800,84200.01,84216.86,84190.01,84208.56,20.86357,84200.01,84216.86,84190.01,84208.56,20.86357,0,0,0,0,0,0,18.55000000000291,92.84999999999127,0,92.84999999999127,136.05999999999767,23,23,1791349800000,0
1791349920,84208.56,84210.5,84160.2,84177.13,19.44016,84208.56,84210.5,84160.2,84177.13,19.44016,0,0,0,0,0,0,0,59.479999999995925,0,59.479999999995925,136.05999999999767,24,24,1791349920000,0
1791350040,84177.14,84189.72,84171.61,84186,11.68482,84177.14,84189.72,84171.61,84186,11.68482,0,0,0,0,0,0,14.389999999999418,73.86999999999534,0,73.86999999999534,150.4499999999971,25,25,1791350040000,0
1791350160,84186.01,84186.01,84170,84170.01,7.67764,84186.01,84186.01,84170,84170.01,7.67764,0,0,0,0,0,0,-16,57.86999999999534,0,57.86999999999534,134.4499999999971,26,26,1791350160000,0
1791350280,84170.01,84186.96,84170,84186.96,8.71994,84170.01,84186.96,84170,84186.96,8.71994,0,0,0,0,0,0,16.960000000006403,74.83000000000175,0,74.83000000000175,151.4100000000035,27,27,1791350280000,0
1791350400,84186.96,84218.01,84186.96,84218.01,9.28407,84186.96,84218.01,84186.96,84218.01,9.28407,0,0,0,0,0,0,31.04999999998836,105.8799999999901,0,105.8799999999901,182.45999999999185,28,28,1791350400000,0
1791350520,84218,84244.01,84218,84234.74,15.68917,84218,84244.01,84218,84234.74,15.68917,0,0,0,0,0,0,16.74000000000524,122.61999999999534,0,122.61999999999534,199.1999999999971,29,29,1791350520000,0
1791350640,84234.75,84234.75,84216.95,84219.49,18.53281,84234.75,84234.75,84216.95,84219.49,18.532809999999998,0,0,0,0,0,0,0,107.36000000000058,0,107.36000000000058,199.1999999999971,30,30,1791350640000,0
1791350760,84219.49,84234.01,84219.48,84230.27,12.39775,84219.49,84234.01,84219.48,84230.27,12.39775,0,0,0,0,0,0,10.790000000008149,118.15000000000873,0,118.15000000000873,209.99000000000524,31,31,1791350760000,1
