time,open,high,low,close,volume,SUPERTREND_LINE,SUPERTREND_LINE_NA,SUPERTREND_LINE_NZ_SENTINEL,SUPERTREND_DIRECTION,SUPERTREND_DIRECTION_NA,SUPERTREND_DIRECTION_NZ_SENTINEL,ATR_3_CONTROL,ELIGIBLE_WARMUP,INPUT_OPEN,INPUT_HIGH,INPUT_LOW,INPUT_CLOSE,INPUT_VOLUME,HIGH_NA,LOW_NA,CLOSE_NA,SAMPLE_INDEX,SOURCE_INDEX,SOURCE_TIME,CAPTURE_IS_OPEN_BAR
1791346680,84106.72,84108.27,84066.96,84097.7,14.06332,0,0,0,1,0,1,,1,84106.72,84108.27,84066.96,84097.7,14.06332,0,0,0,0,0,1791346680000,0
1791346800,84097.69,84119.3,84050.02,84112,17.82428,,1,123456,1,0,1,,1,84097.69,84119.3,84050.02,84112,17.82428,0,0,0,1,1,1791346800000,0
1791346920,84112,84116.01,84090.01,84116,11.10668,84239.59999999999,0,84239.59999999999,1,0,1,45.529999999998836,1,84112,84116.01,84090.01,84116,11.10668,0,0,0,2,2,1791346920000,0
1791347040,84116.01,84158.76,84097.68,84158.75,19.29179,84239.59999999999,0,84239.59999999999,1,0,1,50.71333333333314,1,84116.01,84158.76,84097.68,84158.75,19.29179,0,0,0,3,3,1791347040000,0
1791347160,84158.75,84174.01,84140,84150.01,12.55068,84239.59999999999,0,84239.59999999999,1,0,1,45.14555555555368,1,84158.75,84174.01,84140,84150.01,12.55068,0,0,0,4,4,1791347160000,0
1791347280,84150,84171.69,84138,84149.83,10.78091,84239.59999999999,0,84239.59999999999,1,0,1,41.32703703703656,1,84150,84171.69,84138,84149.83,10.78091,0,0,0,5,5,1791347280000,0
1791347400,84149.84,84149.84,84094.55,84106,11.99938,84239.59999999999,0,84239.59999999999,1,0,1,45.98135802468891,0,84149.84,84149.84,84094.55,84106,11.99938,0,0,0,6,6,1791347400000,0
1791347520,84106,84106.01,84050,84064.01,13.90131,84225.97771604938,0,84225.97771604938,1,0,1,49.3242386831242,0,84106,84106.01,84050,84064.01,13.90131,0,0,0,7,7,1791347520000,0
1791347640,84064,84090.86,84064,84068.39,7.64625,84202.93847736625,0,84202.93847736625,1,0,1,41.836159122083,0,84064,84090.86,84064,84068.39,7.64625,0,0,0,8,8,1791347640000,0
1791347760,84068.39,84144.01,84068.38,84098,14.45186,84202.93847736625,0,84202.93847736625,1,0,1,53.10077274805203,0,84068.39,84144.01,84068.38,84098,14.45186,0,0,0,9,9,1791347760000,0
1791347880,84098,84132.01,84098,84112.02,15.62663,84202.93847736625,0,84202.93847736625,1,0,1,46.737181832032945,0,84098,84132.01,84098,84112.02,15.62663,0,0,0,10,10,1791347880000,0
1791348000,84112.01,84112.02,84074.14,84110.41,7.98104,84202.93847736625,0,84202.93847736625,1,0,1,43.784787888023516,0,84112.01,84112.02,84074.14,84110.41,7.98104,0,0,0,11,11,1791348000000,0
1791348120,84110.41,84118.01,84044,84044.01,19.56364,84202.93847736625,0,84202.93847736625,1,0,1,53.85985859201393,0,84110.41,84118.01,84044,84044.01,19.56364,0,0,0,12,12,1791348120000,0
1791348240,84044.01,84120.09,84044,84110,35.02038,84202.93847736625,0,84202.93847736625,1,0,1,61.26990572800812,0,84044.01,84120.09,84044,84110,35.02038,0,0,0,13,13,1791348240000,0
1791348360,84110,84133.95,84110,84133.94,7.42079,84202.93847736625,0,84202.93847736625,1,0,1,48.82993715200445,0,84110,84133.95,84110,84133.94,7.42079,0,0,0,14,14,1791348360000,0
1791348480,84133.95,84136.01,84112.12,84135.36,12.45629,84202.93847736625,0,84202.93847736625,1,0,1,40.51662476800277,0,84133.95,84136.01,84112.12,84135.36,12.45629,0,0,0,15,15,1791348480000,0
1791348600,84135.35,84174.01,84135.35,84163.92,11.83342,84202.93847736625,0,84202.93847736625,1,0,1,39.8977498453315,0,84135.35,84174.01,84135.35,84163.92,11.83342,0,0,0,16,16,1791348600000,0
1791348720,84163.93,84180.95,84143.23,84143.23,17.16558,84202.93847736625,0,84202.93847736625,1,0,1,39.17183323022139,0,84163.93,84180.95,84143.23,84143.23,17.16558,0,0,0,17,17,1791348720000,0
1791348840,84143.23,84143.23,84100,84100,25.81208,84202.93847736625,0,84202.93847736625,1,0,1,40.5245554868129,0,84143.23,84143.23,84100,84100,25.81208,0,0,0,18,18,1791348840000,0
1791348960,84100.01,84106.94,84086.78,84106.93,9.52226,84198.06911097364,0,84198.06911097364,1,0,1,33.736370324543095,0,84100.01,84106.94,84086.78,84106.93,9.52226,0,0,0,19,19,1791348960000,0
1791349080,84106.93,84106.94,84097.68,84103.06,4.75529,84179.04274064909,0,84179.04274064909,1,0,1,25.577580216365167,0,84106.93,84106.94,84097.68,84103.06,4.75529,0,0,0,20,20,1791349080000,0
1791349200,84103.07,84117.53,84103.06,84105.19,10.47898,84175.92016043272,0,84175.92016043272,1,0,1,21.875053477577165,0,84103.07,84117.53,84103.06,84105.19,10.47898,0,0,0,21,21,1791349200000,0
1791349320,84105.19,84138.16,84105.18,84130.01,13.33656,84175.92016043272,0,84175.92016043272,1,0,1,25.57670231838827,0,84105.19,84138.16,84105.18,84130.01,13.33656,0,0,0,22,22,1791349320000,0
1791349440,84130,84140.01,84084.47,84140.01,28.7438,84175.92016043272,0,84175.92016043272,1,0,1,35.56446821225671,0,84130,84140.01,84084.47,84140.01,28.7438,0,0,0,23,23,1791349440000,0
1791349560,84140.01,84149.04,84126,84149.04,8.25951,84175.92016043272,0,84175.92016043272,1,0,1,31.389645474835675,0,84140.01,84149.04,84126,84149.04,8.25951,0,0,0,24,24,1791349560000,0
1791349680,84149.03,84200.01,84149.03,84200,9.75256,84060.76070905032,0,84060.76070905032,-1,0,-1,37.91976364988909,0,84149.03,84200.01,84149.03,84200,9.75256,0,0,0,25,25,1791349680000,0
1791349800,84200.01,84216.86,84190.01,84208.56,20.86357,84100.74547270022,0,84100.74547270022,-1,0,-1,34.22984243326133,0,84200.01,84216.86,84190.01,84208.56,20.86357,0,0,0,26,26,1791349800000,0
1791349920,84208.56,84210.5,84160.2,84177.13,19.44016,84100.74547270022,0,84100.74547270022,-1,0,-1,39.58656162217519,0,84208.56,84210.5,84160.2,84177.13,19.44016,0,0,0,27,27,1791349920000,0
1791350040,84177.14,84189.72,84171.61,84186,11.68482,84100.74547270022,0,84100.74547270022,-1,0,-1,32.42770774811699,0,84177.14,84189.72,84171.61,84186,11.68482,0,0,0,28,28,1791350040000,0
1791350160,84186.01,84186.01,84170,84170.01,7.67764,84100.74547270022,0,84100.74547270022,-1,0,-1,26.95513849874291,0,84186.01,84186.01,84170,84170.01,7.67764,0,0,0,29,29,1791350160000,0
1791350280,84170.01,84186.96,84170,84186.96,8.71994,84107.60972300252,0,84107.60972300252,-1,0,-1,23.62342566583074,0,84170.01,84186.96,84170,84186.96,8.719940000000001,0,0,0,30,30,1791350280000,0
1791350400,84186.96,84210.01,84186.96,84210,7.63772,84128.18814866836,0,84128.18814866836,-1,0,-1,23.43228377721661,0,84186.96,84210.01,84186.96,84210,7.63772,0,0,0,31,31,1791350400000,1
