time,open,high,low,close,Volume,Plot
1791617400,82640.01,82640.01,82640,82640,0.42857,10
1791617460,82640,82640.01,82640,82640,0.39761,20
1791617520,82640,82640.01,82640,82640.01,3.17424,10
1791617580,82640,82646.01,82640,82646.01,11.56228,20
1791617640,82646,82652,82646,82652,4.04888,10
1791617700,82651.99,82934.1,82651.99,82708,333.83336,20
1791617760,82708.01,82937.49,82705.41,82766.88,134.4683,10
1791617820,82766.88,82767.94,82764,82764.01,7.89846,20
1791617880,82764,82764.01,82745,82745,9.31374,10
1791617940,82745,82745.01,82745,82745,0.70135,20
1791618000,82745,82745.01,82745,82745,8.68158,10
1791618060,82745.01,82754.64,82745,82754.64,2.69575,20
1791618120,82754.64,82816.8,82754.63,82766.03,21.98801,10
1791618180,82766.04,82854.01,82748.01,82748.01,45.07263,20
1791618240,82748.01,82829.06,82748.01,82768,53.22586,10
1791618300,82768,82768.01,82768,82768,2.1371,20
1791618360,82768.01,82804.84,82743.94,82776.87,66.99969,10
1791618420,82776.87,82819.14,82776.87,82789.84,24.80727,20
1791618480,82789.84,82789.84,82789.83,82789.84,1.98526,10
1791618540,82789.84,82793.44,82789.83,82793.43,2.94812,20
1791618600,82793.43,82799.14,82777.26,82777.27,6.95158,10
1791618660,82777.27,82777.27,82777.26,82777.27,2.32914,20
1791618720,82777.26,82777.27,82777.26,82777.27,4.03638,10
1791618780,82777.27,82800.01,82777.26,82800.01,8.23778,20
1791618840,82800,82800.01,82794,82794,5.12507,10
1791618900,82792.92,82792.93,82784,82786.01,4.74222,20
1791618960,82786,82792.01,82786,82792.01,5.80899,10
1791619020,82792.01,82797.55,82792,82797.54,3.38551,20
1791619080,82797.54,82797.55,82797.54,82797.55,1.31713,10
1791619140,82797.55,82807.47,82797.54,82807.47,4.63561,20
1791619200,82807.47,82811.04,82806,82806,4.22336,10
1791619260,82806.01,82807.47,82806,82807.47,1.69515,20
1791619320,82807.46,82828.86,82807.46,82828.86,3.91192,10
1791619380,82828.85,82831.03,82828.85,82831.02,2.53863,20
1791619440,82831.02,82831.03,82830.01,82830.9,4.89263,10
1791619500,82830.91,82837.76,82830.9,82837.76,4.44214,20
1791619560,82837.76,82837.76,82837.75,82837.75,0.84632,10
1791619620,82837.76,82837.76,82837.75,82837.76,0.91498,20
1791619680,82837.75,82837.76,82837.75,82837.75,0.89563,10
1791619740,82837.75,82837.76,82830.67,82830.67,6.18759,20
1791619800,82830.68,82830.68,82830,82830,4.26936,10
1791619860,82830.01,82830.01,82822.36,82822.37,3.76257,20
1791619920,82822.37,82828.4,82822.36,82828.39,19.04892,10
1791619980,82828.4,82850.01,82828.39,82850,11.32195,20
1791620040,82850.01,82850.01,82850,82850,1.91817,10
1791620100,82850,82850.01,82839.96,82839.96,7.48691,20
1791620160,82839.97,82839.97,82839.96,82839.96,0.91163,10
1791620220,82839.96,82842.62,82830.69,82830.69,11.48877,20
1791620280,82830.7,82855.01,82830.69,82855,26.00751,10
1791620340,82855,82855.01,82855,82855,3.53568,20
1791620400,82855,82855.01,82855,82855,3.52715,10
1791620460,82855.01,82855.01,82843.21,82843.41,5.98637,20
1791620520,82843.41,82843.41,82824.05,82824.06,4.43441,10
1791620580,82824.06,82860,82824.05,82848.48,54.08621,20
1791620640,82848.48,82871.84,82848.48,82871.84,12.42798,10
1791620700,82871.83,82871.84,82871.83,82871.83,1.28689,20
1791620760,82871.83,82871.84,82826.02,82826.02,27.84278,10
1791620820,82826.02,82826.03,82819.93,82821.01,9.65597,20
1791620880,82821,82827.43,82821,82827.43,3.57392,10
1791620940,82827.43,82827.43,82827.42,82827.42,2.51322,20
1791621000,82827.43,82827.43,82827.42,82827.43,3.05721,10
1791621060,82827.43,82827.43,82822.07,82822.08,1.56772,20
1791621120,82822.08,82833.92,82822.07,82833.92,3.94172,10
1791621180,82833.91,82833.92,82833.91,82833.92,1.446,20
1791621240,82833.92,82833.92,82827.18,82827.18,6.32754,10
1791621300,82827.19,82827.19,82827.18,82827.18,2.68624,20
1791621360,82827.18,82829.85,82827.18,82829.85,2.24801,10
1791621420,82829.84,82829.85,82829.84,82829.85,2.07355,20
1791621480,82829.84,82829.85,82829.84,82829.84,1.62294,10
1791621540,82829.85,82840.01,82829.85,82839.21,7.53187,20
1791621600,82839.21,82839.22,82831.81,82832,11.0919,10
1791621660,82832,82832.01,82808.93,82808.94,33.32045,20
1791621720,82808.94,82815.98,82808.67,82815.97,3.3379,10
1791621780,82815.98,82830.01,82815.97,82830.01,7.19908,20
1791621840,82830.01,82830.01,82800,82801.98,11.72976,10
1791621900,82801.97,82802.85,82781.23,82781.24,7.09451,20
1791621960,82781.23,82787.85,82781.23,82787.84,3.33142,10
1791622020,82787.84,82793.97,82787.84,82793.97,2.01687,20
1791622080,82793.97,82793.97,82793.96,82793.97,0.99473,10
1791622140,82793.97,82802,82793.96,82802,2.95386,20
1791622200,82802,82818.73,82801.99,82818.72,2.12125,10
1791622260,82818.73,82824.74,82818.72,82824.73,2.22207,20
1791622320,82824.74,82835.62,82824.73,82835.62,1.6467,10
1791622380,82835.62,82840,82835.61,82839.99,3.17502,20
1791622440,82840,82840,82839.99,82840,5.00644,10
1791622500,82840,82848.01,82840,82848,19.37652,20
1791622560,82848,82848.01,82848,82848,1.38088,10
1791622620,82848,82848.01,82848,82848,1.26168,20
1791622680,82848,82848.01,82848,82848,0.72078,10
1791622740,82848.01,82850,82848,82850,1.3473,20
1791622800,82850,82855.73,82849.99,82855.72,4.79861,10
1791622860,82855.72,82858.54,82855.72,82858.54,2.36412,20
1791622920,82858.53,82858.54,82858.53,82858.53,0.79716,10
1791622980,82858.53,82858.54,82858.53,82858.53,1.14143,20
1791623040,82858.53,82858.54,82858.53,82858.54,0.98102,10
1791623100,82858.54,82858.54,82858.53,82858.54,1.49616,20
1791623160,82858.53,82861.27,82858.53,82861.27,2.33942,10
1791623220,82861.27,82870.01,82861.26,82870.01,2.12778,20
1791623280,82870.01,82870.01,82870,82870,0.98961,10
1791623340,82870,82874.15,82858.39,82858.51,25.21901,20
1791623400,82858.52,82912.25,82858.51,82912.25,10.58704,10
1791623460,82912.25,82951.88,82912.24,82944.07,12.73218,20
1791623520,82944.07,82947.01,82944.07,82947,12.97045,10
1791623580,82947.01,82947.01,82928,82928,5.19435,20
1791623640,82928,82928.01,82894,82894.01,5.22987,10
1791623700,82894.01,82896.09,82888.07,82888.22,4.9673,20
1791623760,82888.22,82888.22,82888.21,82888.22,1.33799,10
1791623820,82888.22,82888.22,82880,82880,2.82587,20
1791623880,82880.01,82880.01,82871.42,82871.43,4.09857,10
1791623940,82871.42,82894.88,82871.42,82894.87,3.33858,20
1791624000,82894.87,82894.88,82894.87,82894.88,1.32538,10
1791624060,82894.87,82894.88,82894.87,82894.87,0.8782,20
1791624120,82894.88,82915.81,82894.87,82904.18,5.36152,10
1791624180,82904.18,82904.18,82903.91,82903.92,1.36532,20
1791624240,82903.92,82903.92,82889.15,82889.16,2.13846,10
1791624300,82889.16,82895.34,82889.15,82895.34,5.45153,20
1791624360,82895.33,82895.34,82883.38,82883.39,2.61744,10
1791624420,82883.38,82910.01,82883.38,82910.01,17.27044,20
1791624480,82910.01,82930.01,82910,82930,21.80206,10
1791624540,82930.01,82930.01,82909.99,82910.63,15.0333,20
1791624600,82910.64,82918.4,82910.63,82918.4,3.70884,10
1791624660,82918.39,82951.88,82918.39,82951.87,2.69781,20
1791624720,82951.87,82951.87,82896.69,82896.7,16.21203,10
1791624780,82896.69,82896.7,82896.69,82896.7,1.80057,20
1791624840,82896.69,82925.01,82896.69,82908.99,70.14601,10
1791624900,82908.99,82920.01,82908.99,82920.01,1.92773,20
1791624960,82920.01,82930,82920,82929.99,1.40774,10
1791625020,82929.99,82936.01,82921.13,82922,8.07801,20
1791625080,82922,82922.01,82922,82922,2.30925,10
1791625140,82922.01,82926.01,82907.99,82908,28.76843,20
1791625200,82907.99,82908,82907.99,82908,1.03969,10
1791625260,82908,82913.61,82907.99,82908.39,1.71299,20
1791625320,82908.4,82908.4,82896.02,82896.03,3.02582,10
1791625380,82896.03,82896.03,82896.02,82896.03,0.78917,20
1791625440,82896.02,82896.03,82896.02,82896.03,0.98756,10
1791625500,82896.03,82896.03,82876,82878.02,8.00918,20
1791625560,82878.01,82878.02,82874.82,82874.82,6.56849,10
1791625620,82874.82,82874.83,82869.28,82869.29,1.85686,20
1791625680,82869.29,82869.29,82858.79,82858.8,2.60989,10
1791625740,82858.8,82858.8,82856,82856.01,5.16981,20
1791625800,82856,82856.01,82846,82846,5.74146,10
1791625860,82846.01,82846.01,82846,82846.01,0.67004,20
1791625920,82846,82846.01,82840.48,82840.48,3.07949,10
1791625980,82840.49,82840.49,82840.48,82840.49,0.91839,20
1791626040,82840.48,82858.95,82840.48,82855.66,5.81406,10
1791626100,82855.65,82855.66,82855.65,82855.66,1.39359,20
1791626160,82855.66,82855.66,82855.65,82855.65,1.91003,10
1791626220,82855.66,82855.66,82845.53,82845.54,5.33322,20
1791626280,82845.54,82845.54,82845.53,82845.53,0.67742,10
1791626340,82845.54,82862.17,82845.53,82859.12,3.17587,20
1791626400,82859.12,82883.16,82859.11,82883.16,4.20818,10
1791626460,82883.16,82883.16,82856,82856,4.76765,20
1791626520,82856,82856.01,82856,82856.01,1.80226,10
1791626580,82856.01,82870.01,82856,82870,6.82066,20
1791626640,82870,82874,82870,82872.02,13.25792,10
1791626700,82874.01,82880.24,82857.57,82857.57,3.90147,20
1791626760,82857.58,82857.58,82846.97,82847.43,2.98638,10
1791626820,82847.43,82847.44,82838,82838,7.05946,20
1791626880,82838,82838.01,82837.99,82837.99,5.06772,10
1791626940,82837.99,82838,82814.49,82814.49,15.5348,20
1791627000,82814.49,82814.5,82814.49,82814.49,19.88717,10
1791627060,82814.49,82826.01,82812.9,82826.01,11.08733,20
1791627120,82826.01,82833.21,82824.18,82824.18,9.98502,10
1791627180,82824.19,82826.01,82824.18,82826.01,9.07614,20
1791627240,82826.01,82830.01,82826,82830,7.49964,10
1791627300,82830.01,82833.33,82830,82833.33,11.89203,20
1791627360,82833.33,82833.34,82833.33,82833.33,5.28073,10
1791627420,82833.34,82838.01,82833.33,82836.01,14.87491,20
1791627480,82836.02,82836.02,82834.01,82834.01,4.10306,10
1791627540,82834.02,82834.02,82832.64,82832.64,3.76031,20
1791627600,82832.65,82832.65,82832.64,82832.64,3.87823,10
1791627660,82832.64,82832.65,82829.79,82829.79,3.79548,20
1791627720,82829.8,82829.8,82816.39,82816.39,7.57301,10
1791627780,82816.39,82816.4,82808.72,82808.72,3.8487,20
1791627840,82808.73,82808.73,82806.58,82806.58,4.6133,10
1791627900,82806.58,82807.92,82799.39,82799.39,9.08275,20
1791627960,82799.39,82802.01,82799.39,82802,7.8503,10
1791628020,82802,82806.19,82802,82804.64,12.4862,20
1791628080,82804.64,82804.65,82804.64,82804.64,3.93998,10
1791628140,82804.65,82804.65,82799.52,82799.53,4.24613,20
1791628200,82799.52,82799.53,82799.52,82799.52,3.84531,10
1791628260,82799.52,82799.53,82799.52,82799.53,3.7576,20
1791628320,82799.52,82799.53,82794.42,82794.42,3.84611,10
1791628380,82794.43,82811.76,82794.42,82811.75,26.81853,20
1791628440,82811.75,82812.8,82811.75,82812.79,4.57265,10
1791628500,82812.79,82821.9,82812.79,82821.9,8.80004,20
1791628560,82821.89,82828.35,82820.67,82820.68,10.72106,10
1791628620,82820.67,82820.68,82820.67,82820.68,3.71351,20
1791628680,82820.67,82820.68,82819.29,82819.29,3.80922,10
1791628740,82819.3,82819.3,82819.29,82819.3,3.66901,20
1791628800,82819.29,82819.3,82808,82814.01,7.91863,10
1791628860,82814,82814.01,82804.13,82804.13,17.38285,20
1791628920,82804.14,82804.14,82804.13,82804.14,5.84778,10
1791628980,82804.14,82804.14,82789.88,82790,27.0609,20
1791629040,82789.99,82819.33,82789.99,82819.33,25.08302,10
1791629100,82819.32,82819.33,82819.32,82819.32,4.57724,20
1791629160,82819.33,82819.33,82819.32,82819.32,4.33481,10
1791629220,82819.33,82819.33,82819.32,82819.32,4.41306,20
1791629280,82819.32,82819.33,82819.32,82819.32,5.63893,10
1791629340,82819.33,82819.33,82819.32,82819.32,6.7629,20
1791629400,82819.32,82819.74,82819.32,82819.73,7.66686,10
1791629460,82819.73,82844.01,82819.73,82844,9.20446,20
1791629520,82844,82860.01,82844,82860,12.59672,10
1791629580,82860,82860.01,82857.57,82857.58,11.80591,20
1791629640,82857.57,82857.58,82852.12,82852.12,5.33749,10
1791629700,82852.12,82852.13,82852.12,82852.12,4.29347,20
1791629760,82852.12,82854.71,82852.12,82854.71,7.2838,10
1791629820,82854.71,82863,82854.7,82863,3.04329,20
1791629880,82863,82863,82862.99,82863,0.79708,10
1791629940,82863,82863,82862.99,82863,0.65856,20
1791630000,82862.99,82863,82862.99,82862.99,1.5844,10
1791630060,82863,82863,82857.57,82857.58,1.25515,20
1791630120,82857.58,82857.58,82857.57,82857.57,0.58439,10
1791630180,82857.58,82857.58,82842,82842.01,5.19607,20
1791630240,82842.01,82842.01,82842,82842,5.07817,10
1791630300,82842,82842.01,82842,82842.01,4.01536,20
1791630360,82842.01,82842.01,82842,82842,3.99961,10
1791630420,82842,82842.01,82841.74,82841.74,7.36072,20
1791630480,82841.74,82841.75,82840.01,82840.01,3.93043,10
1791630540,82840.01,82840.02,82839.34,82839.34,4.68116,20
1791630600,82839.35,82839.35,82837.24,82837.24,5.3645,10
1791630660,82837.24,82837.25,82813.96,82813.96,6.71118,20
1791630720,82813.96,82813.97,82812.99,82812.99,4.38388,10
1791630780,82812.99,82812.99,82805.84,82805.84,6.79053,20
1791630840,82805.84,82805.85,82804.77,82804.77,4.16043,10
1791630900,82804.77,82804.78,82803.04,82803.04,4.25934,20
1791630960,82803.04,82803.05,82803.04,82803.04,4.35276,10
1791631020,82803.04,82803.05,82803.03,82803.03,7.61282,20
1791631080,82803.03,82803.04,82798.01,82802.01,11.73745,10
1791631140,82802.01,82802.01,82802,82802,4.67918,20
1791631200,82802.01,82816.02,82802,82816.01,9.83507,10
1791631260,82816.01,82816.02,82813.46,82813.47,17.1453,20
1791631320,82813.46,82813.47,82813.46,82813.46,5.3974,10
1791631380,82813.46,82813.47,82810.19,82810.19,6.23748,20
1791631440,82810.19,82810.2,82810.19,82810.2,7.07281,10
1791631500,82810.19,82821.19,82810.19,82821.18,9.74281,20
1791631560,82821.19,82821.19,82812.37,82812.37,5.69243,10
1791631620,82812.38,82812.38,82810.19,82810.19,5.47996,20
1791631680,82810.19,82810.2,82810.19,82810.19,4.04856,10
1791631740,82810.19,82810.2,82810.19,82810.19,3.63269,20
1791631800,82810.2,82810.2,82810.19,82810.2,5.45756,10
1791631860,82810.2,82810.2,82810.19,82810.2,4.85262,20
1791631920,82810.19,82810.2,82810.19,82810.19,3.8519,10
1791631980,82810.2,82810.2,82810.19,82810.19,5.26819,20
1791632040,82810.19,82810.2,82793.04,82793.05,7.40474,10
1791632100,82793.04,82793.05,82793.04,82793.05,3.99297,20
1791632160,82793.05,82812.37,82793.04,82812.37,10.73269,10
1791632220,82812.37,82823.52,82812.37,82822.34,3.83476,20
1791632280,82822.34,82830.01,82822.33,82830.01,1.72481,10
1791632340,82830.01,82856.01,82830,82856,4.22525,20
1791632400,82856.01,82857.58,82856,82857.57,1.7287,10
1791632460,82857.57,82866,82857.57,82865.99,2.26783,20
1791632520,82866,82866,82865.99,82866,1.56033,10
1791632580,82866,82885.95,82865.99,82885.94,3.27139,20
1791632640,82885.95,82898,82885.93,82898,13.95725,10
1791632700,82898,82900,82897.98,82897.99,1.92233,20
1791632760,82897.98,82897.99,82886,82886,3.48457,10
1791632820,82886,82888.01,82886,82888.01,1.32306,20
1791632880,82888.01,82888.01,82888,82888.01,1.41454,10
1791632940,82888.01,82888.01,82888,82888,0.79349,20
1791633000,82888.01,82888.01,82888,82888.01,1.14283,10
1791633060,82888.01,82888.01,82888,82888.01,0.48102,20
1791633120,82888.01,82888.01,82888,82888.01,1.14006,10
1791633180,82888,82888.01,82888,82888,0.53274,20
1791633240,82888.01,82910.46,82888,82908,5.99061,10
1791633300,82908,82908.01,82908,82908.01,0.58067,20
1791633360,82908,82908.01,82908,82908.01,1.10143,10
1791633420,82908.01,82908.01,82908,82908,2.84221,20
1791633480,82908.01,82908.01,82879.71,82879.71,33.49595,10
1791633540,82879.71,82879.72,82879.71,82879.71,1.11528,20
1791633600,82879.71,82879.72,82869.78,82869.78,6.35799,10
1791633660,82869.78,82869.79,82865.5,82865.5,2.04131,20
1791633720,82865.51,82865.51,82860,82861.34,7.26571,10
1791633780,82861.34,82861.34,82860,82860.01,4.20583,20
1791633840,82860.01,82870.43,82860,82870.42,4.97839,10
1791633900,82870.42,82870.43,82870,82870,3.22697,20
1791633960,82870.01,82870.01,82870,82870,0.92321,10
1791634020,82870,82870.01,82870,82870,0.80624,20
1791634080,82870.01,82870.01,82848.01,82860.01,25.10862,10
1791634140,82860.01,82873.03,82860.01,82873.02,5.28447,20
1791634200,82873.02,82873.03,82873.02,82873.02,1.10253,10
1791634260,82873.03,82873.03,82873.02,82873.02,0.57769,20
1791634320,82873.02,82873.03,82873.02,82873.02,2.82177,10
1791634380,82873.02,82890.01,82873.02,82890,23.58559,20
1791634440,82890,82890.01,82873.44,82873.44,19.90419,10
1791634500,82873.44,82873.45,82873.44,82873.44,1.14361,20
1791634560,82873.44,82880.35,82873.44,82880.34,1.76064,10
1791634620,82880.35,82880.35,82864.5,82864.5,21.68174,20
1791634680,82864.51,82870,82864.5,82869.99,3.48393,10
1791634740,82869.99,82870,82869.99,82869.99,2.62528,20
1791634800,82870,82870,82869.99,82870,1.4033,10
1791634860,82870,82870,82864.5,82864.51,2.21529,20
1791634920,82864.5,82864.51,82864.5,82864.5,2.16378,10
1791634980,82864.5,82864.51,82864.5,82864.5,3.41383,20
1791635040,82864.5,82864.51,82854,82854,7.31278,10
1791635100,82854,82854.01,82838,82838.01,4.24184,20
1791635160,82838.01,82838.01,82838,82838.01,1.15522,10
1791635220,82838.01,82838.01,82838,82838,2.07839,20
1791635280,82838.01,82838.01,82838,82838,1.07798,10
1791635340,82838.01,82855.01,82838,82855.01,19.30767,20
1791635400,82855.01,82855.01,82855,82855,1.00941,10
1791635460,82855,82855.01,82855,82855,2.21268,20
1791635520,82855.01,82859.27,82855,82859.26,3.58312,10
1791635580,82859.26,82859.27,82852.89,82852.9,5.43697,20
1791635640,82852.89,82852.9,82852.89,82852.89,3.12705,10
1791635700,82852.89,82852.9,82849.97,82849.97,8.99533,20
1791635760,82849.98,82849.98,82828.66,82828.66,3.37145,10
1791635820,82828.67,82828.67,82828.66,82828.66,1.29152,20
1791635880,82828.66,82828.67,82828.66,82828.66,1.05716,10
1791635940,82828.66,82828.67,82828.66,82828.66,1.01575,20
1791636000,82828.66,82836.01,82828.66,82836,6.89915,10
1791636060,82836.01,82840,82836,82839.99,1.76454,20
1791636120,82840,82840,82839.99,82839.99,0.75478,10
1791636180,82839.99,82854.01,82839.99,82854,16.57385,20
1791636240,82854.01,82854.01,82854,82854.01,0.57638,10
1791636300,82854,82854.01,82854,82854,0.75006,20
1791636360,82854.01,82854.01,82845.47,82845.47,3.21432,10
1791636420,82845.47,82845.47,82837.97,82837.97,3.73387,20
1791636480,82837.98,82837.98,82822,82822.01,1.96855,10
1791636540,82822,82822.01,82822,82822,0.56241,20
1791636600,82822.01,82822.01,82818,82818.01,2.81572,10
1791636660,82818,82818.01,82818,82818.01,0.69097,20
1791636720,82818.01,82818.01,82818,82818.01,3.22266,10
1791636780,82818.01,82818.01,82818,82818.01,1.11224,20
1791636840,82818,82818.01,82812.01,82812.01,3.83457,10
1791636900,82812.02,82812.02,82808,82808.01,4.63456,20
1791636960,82808,82808.01,82808,82808.01,1.4195,10
1791637020,82808,82808.01,82808,82808.01,1.21993,20
1791637080,82808,82808.01,82808,82808,1.30072,10
1791637140,82808.01,82808.01,82808,82808,0.49246,20
1791637200,82808.01,82823.01,82808.01,82823,2.66388,10
1791637260,82823.01,82836.84,82823,82836.84,1.92936,20
1791637320,82836.83,82836.84,82829.31,82829.31,2.0025,10
1791637380,82829.31,82829.32,82829.31,82829.31,0.03064,20