time,open,high,low,close,volume,PHASE,INPUT_SOURCE,SOURCE_NA,PHYSICAL_PREVIOUS_1,PHYSICAL_PREVIOUS_2,PHYSICAL_PREVIOUS_3,BUILTIN_RESULT,CLEAN_SOURCE_CONTROL,CLEAN_RESULT_CONTROL,SAMPLE_INDEX,SOURCE_INDEX,SOURCE_TIME,CAPTURE_IS_OPEN_BAR
1791348840,84143.23,84143.23,84100,84100,,0,4,0,,,,0,4,0,0,0,1791348840000,0
1791348960,84100.01,84106.94,84086.78,84106.93,,1,,1,4,,,0,3.5,0,1,1,1791348960000,0
1791349080,84106.93,84106.94,84097.68,84103.06,,2,3,0,,4,,0,3,1,2,2,1791349080000,0
1791349200,84103.07,84117.53,84103.06,84105.19,,3,,1,3,,4,0,2.5,1,3,3,1791349200000,0
1791349320,84105.19,84138.16,84105.18,84130.01,,4,2,0,,3,,0,2,1,4,4,1791349320000,0
1791349440,84130,84140.01,84084.47,84140.01,,5,5,0,2,,3,0,5,0,5,5,1791349440000,0
1791349560,84140.01,84149.04,84126,84149.04,,6,1,0,5,2,,0,1,0,6,6,1791349560000,0
1791349680,84149.03,84200.01,84149.03,84200,,7,9,0,1,5,2,0,9,0,7,7,1791349680000,0
1791349800,84200.01,84216.86,84190.01,84208.56,,8,8,0,9,1,5,0,8,0,8,8,1791349800000,0
1791349920,84208.56,84210.5,84160.2,84177.13,,9,7,0,8,9,1,1,7,1,9,9,1791349920000,0
1791350040,84177.14,84189.72,84171.61,84186,,10,6,0,7,8,9,1,6,1,10,10,1791350040000,0
1791350160,84186.01,84186.01,84170,84170.01,,11,5,0,6,7,8,1,5,1,11,11,1791350160000,0
1791350280,84170.01,84186.96,84170,84186.96,,12,4,0,5,6,7,1,4,1,12,12,1791350280000,0
1791350400,84186.96,84218.01,84186.96,84218.01,,13,5,0,4,5,6,0,5,0,13,13,1791350400000,0
1791350520,84218,84244.01,84218,84234.74,,14,6,0,5,4,5,0,6,0,14,14,1791350520000,0
1791350640,84234.75,84234.75,84216.95,84219.49,,15,7,0,6,5,4,0,7,0,15,15,1791350640000,0
1791350760,84219.49,84234.01,84219.48,84230.27,,0,4,0,7,6,5,0,4,0,16,16,1791350760000,0
1791350880,84230.27,84230.28,84194,84194,,1,,1,4,7,6,0,3.5,1,17,17,1791350880000,0
1791351000,84194.01,84240.01,84194,84240,,2,3,0,,4,7,0,3,1,18,18,1791351000000,0
1791351120,84240.01,84249.88,84240,84240.22,,3,,1,3,,4,0,2.5,1,19,19,1791351120000,0
1791351240,84240.22,84240.22,84214.71,84220.05,,4,2,0,,3,,0,2,1,20,20,1791351240000,0
1791351360,84220.05,84220.05,84176.14,84186.01,,5,5,0,2,,3,0,5,0,21,21,1791351360000,0
1791351480,84186,84198.01,84186,84198,,6,1,0,5,2,,0,1,0,22,22,1791351480000,0
1791351600,84198.01,84242.01,84198,84242,,7,9,0,1,5,2,0,9,0,23,23,1791351600000,0
1791351720,84242,84242.01,84212,84212,,8,8,0,9,1,5,0,8,0,24,24,1791351720000,0
1791351840,84212,84233.68,84212,84228.68,,9,7,0,8,9,1,1,7,1,25,25,1791351840000,0
1791351960,84228.69,84258.01,84228.68,84258,,10,6,0,7,8,9,1,6,1,26,26,1791351960000,0
1791352080,84258.01,84291.4,84256,84291.39,,11,5,0,6,7,8,1,5,1,27,27,1791352080000,0
1791352200,84291.39,84320,84291.39,84296.34,,12,4,0,5,6,7,1,4,1,28,28,1791352200000,0
1791352320,84296.33,84308.01,84267.19,84267.19,,13,5,0,4,5,6,0,5,0,29,29,1791352320000,0
1791352440,84267.2,84317.26,84267.19,84303.49,,14,6,0,5,4,5,0,6,0,30,30,1791352440000,0
1791352560,84303.48,84303.49,84287.07,84287.07,,15,7,0,6,5,4,0,7,0,31,31,1791352560000,1
