time,open,high,low,close,volume,INPUT_EVENT,INPUT_SOURCE_ENCODED,INPUT_SOURCE_NA,OCCURRENCE_0_ENCODED,OCCURRENCE_0_NA,OCCURRENCE_1_ENCODED,OCCURRENCE_1_NA,OCCURRENCE_2_ENCODED,OCCURRENCE_2_NA,SAMPLE_INDEX,SOURCE_INDEX,SOURCE_TIME,CAPTURE_IS_OPEN_BAR
1791353760,84290.05,84294.01,84232,84232.01,,1,2,1,2,1,2,1,2,1,0,0,1791353760000,0
1791353880,84232,84232.01,84171,84171,,0,1,0,2,1,2,1,2,1,1,1,1791353880000,0
1791354000,84171.01,84186.01,84144,84186.01,,1,1,0,1,0,2,1,2,1,2,2,1791354000000,0
1791354120,84186.01,84203.49,84180,84180,,0,1,0,1,0,2,1,2,1,3,3,1791354120000,0
1791354240,84180,84214.01,84178,84184.84,,1,0,0,0,0,1,0,2,1,4,4,1791354240000,0
1791354360,84184.85,84212,84162,84212,,0,0,0,0,0,1,0,2,1,5,5,1791354360000,0
1791354480,84212,84228,84186,84191.94,,0,0,0,0,0,1,0,2,1,6,6,1791354480000,0
1791354600,84191.95,84208.04,84180.6,84181.96,,0,0,0,0,0,1,0,2,1,7,7,1791354600000,0
1791354720,84181.95,84256,84181.95,84255.99,,0,0,0,0,0,1,0,2,1,8,8,1791354720000,0
1791354840,84256,84300,84255.99,84299.99,,0,0,0,0,0,1,0,2,1,9,9,1791354840000,0
1791354960,84299.99,84313.01,84299.99,84304,,0,0,0,0,0,1,0,2,1,10,10,1791354960000,0
1791355080,84304,84304.01,84266,84300,,0,0,0,0,0,1,0,2,1,11,11,1791355080000,0
1791355200,84300.01,84335.11,84300,84335.1,,0,0,0,0,0,1,0,2,1,12,12,1791355200000,0
1791355320,84335.1,84379.31,84335.1,84368.02,,0,0,0,0,0,1,0,2,1,13,13,1791355320000,0
1791355440,84368.02,84368.03,84324,84324.01,,0,0,0,0,0,1,0,2,1,14,14,1791355440000,0
1791355560,84324,84324.01,84318,84318,,0,0,0,0,0,1,0,2,1,15,15,1791355560000,0
1791355680,84318.01,84318.01,84271.33,84294,,0,0,0,0,0,1,0,2,1,16,16,1791355680000,0
1791355800,84294,84309.03,84294,84309.01,,0,0,0,0,0,1,0,2,1,17,17,1791355800000,0
1791355920,84309.01,84309.02,84270.87,84270.87,,0,0,0,0,0,1,0,2,1,18,18,1791355920000,0
1791356040,84270.87,84270.88,84262.09,84262.09,,0,0,0,0,0,1,0,2,1,19,19,1791356040000,0
1791356160,84262.1,84262.1,84262.09,84262.1,,0,0,0,0,0,1,0,2,1,20,20,1791356160000,0
1791356280,84262.1,84262.1,84229.67,84229.67,,0,0,0,0,0,1,0,2,1,21,21,1791356280000,0
1791356400,84229.68,84234.01,84216.01,84229.94,,0,0,0,0,0,1,0,2,1,22,22,1791356400000,0
1791356520,84229.95,84238.01,84201.84,84215.35,,0,0,0,0,0,1,0,2,1,23,23,1791356520000,0
1791356640,84215.36,84215.36,84188.01,84188.01,,0,0,0,0,0,1,0,2,1,24,24,1791356640000,0
1791356760,84188.01,84188.02,84163.91,84163.91,,0,0,0,0,0,1,0,2,1,25,25,1791356760000,0
1791356880,84163.91,84163.92,84154,84154.01,,0,0,0,0,0,1,0,2,1,26,26,1791356880000,0
1791357000,84154,84250.99,84154,84225.99,,0,0,0,0,0,1,0,2,1,27,27,1791357000000,0
1791357120,84226,84258.07,84225.99,84258.06,,0,0,0,0,0,1,0,2,1,28,28,1791357120000,0
1791357240,84258.06,84265.73,84258.06,84265.72,,0,0,0,0,0,1,0,2,1,29,29,1791357240000,0
1791357360,84265.73,84265.73,84190,84190,,0,0,0,0,0,1,0,2,1,30,30,1791357360000,0
1791357480,84190.01,84190.01,84186.15,84186.16,,0,0,0,0,0,1,0,2,1,31,31,1791357480000,1
