time,open,high,low,close,volume,INPUT_OFFSET,HISTORY_RESULT,HISTORY_RESULT_NA,HISTORY_RESULT_NZ_SENTINEL,CURRENT_CLOSE_CONTROL,PREVIOUS_CLOSE_CONTROL,SAMPLE_INDEX,SOURCE_INDEX,SOURCE_TIME,CAPTURE_IS_OPEN_BAR
1791346800,84097.69,84119.3,84050.02,84112,17.82428,0.5,84112,0,84112,84112,,0,0,1791346800000,0
1791346920,84112,84116.01,84090.01,84116,11.10668,0.5,84116,0,84116,84116,84112,1,1,1791346920000,0
1791347040,84116.01,84158.76,84097.68,84158.75,19.29179,0.5,84158.75,0,84158.75,84158.75,84116,2,2,1791347040000,0
1791347160,84158.75,84174.01,84140,84150.01,12.55068,0.5,84150.01,0,84150.01,84150.01,84158.75,3,3,1791347160000,0
1791347280,84150,84171.69,84138,84149.83,10.78091,0.5,84149.83,0,84149.83,84149.83,84150.01,4,4,1791347280000,0
1791347400,84149.84,84149.84,84094.55,84106,11.99938,0.5,84106,0,84106,84106,84149.83,5,5,1791347400000,0
1791347520,84106,84106.01,84050,84064.01,13.90131,0.5,84064.01,0,84064.01,84064.01,84106,6,6,1791347520000,0
1791347640,84064,84090.86,84064,84068.39,7.64625,0.5,84068.39,0,84068.39,84068.39,84064.01,7,7,1791347640000,0
1791347760,84068.39,84144.01,84068.38,84098,14.45186,0.5,84098,0,84098,84098,84068.39,8,8,1791347760000,0
1791347880,84098,84132.01,84098,84112.02,15.62663,0.5,84112.02,0,84112.02,84112.02,84098,9,9,1791347880000,0
1791348000,84112.01,84112.02,84074.14,84110.41,7.98104,0.5,84110.41,0,84110.41,84110.41,84112.02,10,10,1791348000000,0
1791348120,84110.41,84118.01,84044,84044.01,19.56364,0.5,84044.01,0,84044.01,84044.01,84110.41,11,11,1791348120000,0
1791348240,84044.01,84120.09,84044,84110,35.02038,0.5,84110,0,84110,84110,84044.01,12,12,1791348240000,0
1791348360,84110,84133.95,84110,84133.94,7.42079,0.5,84133.94,0,84133.94,84133.94,84110,13,13,1791348360000,0
1791348480,84133.95,84136.01,84112.12,84135.36,12.45629,0.5,84135.36,0,84135.36,84135.36,84133.94,14,14,1791348480000,0
1791348600,84135.35,84174.01,84135.35,84163.92,11.83342,0.5,84163.92,0,84163.92,84163.92,84135.36,15,15,1791348600000,0
1791348720,84163.93,84180.95,84143.23,84143.23,17.16558,0.5,84143.23,0,84143.23,84143.23,84163.92,16,16,1791348720000,0
1791348840,84143.23,84143.23,84100,84100,25.81208,0.5,84100,0,84100,84100,84143.23,17,17,1791348840000,0
1791348960,84100.01,84106.94,84086.78,84106.93,9.52226,0.5,84106.93,0,84106.93,84106.93,84100,18,18,1791348960000,0
1791349080,84106.93,84106.94,84097.68,84103.06,4.75529,0.5,84103.06,0,84103.06,84103.06,84106.93,19,19,1791349080000,0
1791349200,84103.07,84117.53,84103.06,84105.19,10.47898,0.5,84105.19,0,84105.19,84105.19,84103.06,20,20,1791349200000,0
1791349320,84105.19,84138.16,84105.18,84130.01,13.33656,0.5,84130.01,0,84130.01,84130.01,84105.19,21,21,1791349320000,0
1791349440,84130,84140.01,84084.47,84140.01,28.7438,0.5,84140.01,0,84140.01,84140.01,84130.01,22,22,1791349440000,0
1791349560,84140.01,84149.04,84126,84149.04,8.25951,0.5,84149.04,0,84149.04,84149.04,84140.01,23,23,1791349560000,0
1791349680,84149.03,84200.01,84149.03,84200,9.75256,0.5,84200,0,84200,84200,84149.04,24,24,1791349680000,0
1791349800,84200.01,84216.86,84190.01,84208.56,20.86357,0.5,84208.56,0,84208.56,84208.56,84200,25,25,1791349800000,0
1791349920,84208.56,84210.5,84160.2,84177.13,19.44016,0.5,84177.13,0,84177.13,84177.13,84208.56,26,26,1791349920000,0
1791350040,84177.14,84189.72,84171.61,84186,11.68482,0.5,84186,0,84186,84186,84177.13,27,27,1791350040000,0
1791350160,84186.01,84186.01,84170,84170.01,7.67764,0.5,84170.01,0,84170.01,84170.01,84186,28,28,1791350160000,0
1791350280,84170.01,84186.96,84170,84186.96,8.71994,0.5,84186.96,0,84186.96,84186.96,84170.01,29,29,1791350280000,0
1791350400,84186.96,84218.01,84186.96,84218.01,9.28407,0.5,84218.01,0,84218.01,84218.01,84186.96,30,30,1791350400000,0
1791350520,84218,84240.45,84218,84240.45,9.27451,0.5,84240.45,0,84240.45,84240.45,84218.01,31,31,1791350520000,1
