time,open,high,low,close,BAR_INDEX,PHASE,SOURCE_CODE,SERIES_OFFSET
1790863200,83938.6,83958.01,83694.77,83722.01,22740,20,0,-3
1790863320,83722.01,83826.01,83613.8,83725.92,22741,21,0,-3
1790863440,83725.93,83778.01,83552.66,83674.01,22742,22,0,-3
1790863560,83674.01,83866.01,83662,83828,22743,23,0,-3
1790863680,83828.01,84041.13,83828.01,84040,22744,24,0,-3
1790863800,84040.01,84040.01,83835.46,83845.8,22745,25,0,-3
1790863920,83845.79,83880.01,83750.5,83778.02,22746,26,0,-3
1790864040,83778.02,83862.85,83708.29,83846.07,22747,27,0,-3
1790864160,83846.07,84028.01,83818,84028.01,22748,28,0,-3
1790864280,84028.01,84040,83890,83972.78,22749,29,0,-3
1790864400,83972.77,84025.27,83914,83914,22750,30,0,-3
1790864520,83914.01,83972.01,83816.48,83922.01,22751,31,0,-3
1790864640,83922,84070,83916,84020.01,22752,0,0,2
1790864760,84020.01,84221.72,83992,84166,22753,1,0,2
1790864880,84166,84166.01,84032.09,84120,22754,2,0,2
1790865000,84120,84208.39,84060.63,84068.68,22755,3,0,2
1790865120,84068.68,84216.86,84068.67,84124.01,22756,4,0,2
1790865240,84124,84227.35,84072,84214,22757,5,0,2
1790865360,84213.99,84332.01,84194,84228.91,22758,6,0,2
1790865480,84228.92,84240.01,84174.98,84188.16,22759,7,0,2
1790865600,84188,84194,83995.98,84014,22760,8,1,2
1790865720,84014,84068.38,83998,84060.01,22761,9,2,2
1790865840,84060,84062.01,83994,84062.01,22762,10,0,-1
1790865960,84062.01,84070.01,83900,83900.01,22763,11,3,-1
1790866080,83900.01,83940.01,83780.28,83915.31,22764,12,4,-3
1790866200,83915.3,83931.9,83812.62,83826.01,22765,13,0,-3
1790866320,83826,83892.01,83773.56,83876,22766,14,0,-3
1790866440,83876,83967.78,83870.01,83928.01,22767,15,0,-3
1790866560,83928,83984.01,83894.11,83984,22768,16,0,-3
1790866680,83984.01,84091.65,83960,84050.65,22769,17,0,-3
1790866800,84050.65,84092.45,83986,84001.99,22770,18,0,-3
1790866920,84002,84152.43,84001.99,84113.22,22771,19,0,-3
1790867040,84113.22,84744,84108,84192,22772,20,0,-3
1790867160,84192,84192,84042,84042.01,22773,21,0,-3
1790867280,84042.01,84042.01,83890.29,83890.29,22774,22,0,-3
1790867400,83890.29,84010.01,83850,83984.01,22775,23,0,-3
1790867520,83984.01,84006.55,83924,84006.54,22776,24,0,-3
1790867640,84006.55,84116.49,84006.54,84093.98,22777,25,0,-3
1790867760,84093.99,84189.92,84071.1,84189.92,22778,26,0,-3
1790867880,84189.92,84245.12,84180.76,84234.72,22779,27,0,-3
1790868000,84234.72,84248.86,84222.09,84229.26,22780,28,0,-3
1790868120,84229.26,84229.26,84178,84179.35,22781,29,0,-3
1790868240,84179.35,84197.18,84122.63,84132.61,22782,30,0,-3
1790868360,84132.6,84168.97,84120.47,84166.17,22783,31,0,-3
1790868480,84166.18,84173.14,84094.26,84094.26,22784,0,0,2
1790868600,84094.27,84094.27,83851.52,83855.79,22785,1,0,2
1790868720,83855.78,83981.11,83836.01,83930.75,22786,2,0,2
1790868840,83930.74,83930.75,83831.99,83858.01,22787,3,0,2
1790868960,83858,83908.86,83848.62,83908.85,22788,4,0,2
1790869080,83908.85,84010.76,83908,83955.87,22789,5,0,2
1790869200,83955.87,83989.23,83912.39,83912.39,22790,6,0,2
1790869320,83912.39,83941.32,83852.48,83852.49,22791,7,0,2
1790869440,83852.49,83956,83838,83956,22792,8,1,2
1790869560,83956.01,84070.01,83928.57,84063.53,22793,9,2,2
1790869680,84063.54,84308.92,84063.54,84257.67,22794,10,0,-1
1790869800,84257.68,84285.54,84140.69,84158.01,22795,11,3,-1
1790869920,84158,84172.01,84103.14,84106,22796,12,4,-3
1790870040,84106,84137.5,84106,84126,22797,13,0,-3
1790870160,84126,84212.01,84108,84180.01,22798,14,0,-3
1790870280,84180.01,84180.01,84106,84162.65,22799,15,0,-3
1790870400,84162.66,84202.01,84145.26,84202.01,22800,16,0,-3
1790870520,84202.01,84252.22,84202,84252.21,22801,17,0,-3
1790870640,84252.22,84258.01,84216,84222.73,22802,18,0,-3
1790870760,84222.73,84295.37,84216.64,84246.01,22803,19,0,-3
1790870880,84246,84286.01,84152,84176.01,22804,20,0,-3
1790871000,84176.01,84232.01,84146,84146,22805,21,0,-3
1790871120,84146,84302.1,84139.24,84232.01,22806,22,0,-3
1790871240,84232,84426.24,84224.01,84360,22807,23,0,-3
1790871360,84359.99,84382.84,84306.01,84369.99,22808,24,0,-3
1790871480,84369.98,84386.01,84294,84356,22809,25,0,-3
1790871600,84356.01,84356.01,84312,84312.01,22810,26,0,-3
1790871720,84312,84341.08,84268,84302.72,22811,27,0,-3
1790871840,84302.72,84356.9,84302.72,84353,22812,28,0,-3
1790871960,84352.99,84371.5,84283.82,84283.83,22813,29,0,-3
1790872080,84283.82,84305.5,84265.82,84305.49,22814,30,0,-3
1790872200,84305.49,84382.75,84305.49,84382.75,22815,31,0,-3
1790872320,84382.74,84481.27,84382.74,84481.26,22816,0,0,2
1790872440,84481.26,84625.98,84448,84623.89,22817,1,0,2
1790872560,84623.88,84623.89,84328.61,84338.01,22818,2,0,2
1790872680,84338,84338.01,84208,84218,22819,3,0,2
1790872800,84218.01,84276.01,84211.56,84232.25,22820,4,0,2
1790872920,84232.25,84330.01,84196,84316,22821,5,0,2
1790873040,84316.01,84412.01,84304,84403.18,22822,6,0,2
1790873160,84403.18,84403.18,84338.38,84347.99,22823,7,0,2
1790873280,84347.99,84402.31,84245.95,84266.19,22824,8,1,2
1790873400,84266.19,84266.2,84173.43,84196.19,22825,9,2,2
1790873520,84196.19,84254.01,84176,84218.67,22826,10,0,-1
1790873640,84218.67,84218.67,84146.81,84146.81,22827,11,3,-1
1790873760,84146.81,84146.82,84064,84122,22828,12,4,-3
1790873880,84122,84202.01,84122,84202.01,22829,13,0,-3
1790874000,84202,84260,84198,84260,22830,14,0,-3
1790874120,84260.01,84468.01,84260.01,84462.01,22831,15,0,-3
1790874240,84462,84484.01,84410,84436.01,22832,16,0,-3
1790874360,84436.01,84486.01,84428,84428.01,22833,17,0,-3
1790874480,84428,84438.01,84394,84394.01,22834,18,0,-3
1790874600,84394,84460.01,84394,84460,22835,19,0,-3
1790874720,84460.01,84470.01,84371.5,84444.05,22836,20,0,-3
1790874840,84444.04,84496.34,84426.01,84489.87,22837,21,0,-3
1790874960,84489.87,84733.99,84474,84700.2,22838,22,0,-3
1790875080,84700.19,84761.82,84618.84,84756.6,22839,23,0,-3
1790875200,84756.56,84793,84721.95,84785.09,22840,24,0,-3
1790875320,84785.08,84801.9,84697.15,84718.46,22841,25,0,-3
1790875440,84718.46,84792.7,84678.01,84778.89,22842,26,0,-3
1790875560,84778.9,84840.01,84767.56,84838.53,22843,27,0,-3
1790875680,84838.53,84920,84804.85,84919.19,22844,28,0,-3
1790875800,84919.18,85028.5,84876.72,84935.2,22845,29,0,-3
1790875920,84934.56,84934.56,84821.52,84850.53,22846,30,0,-3
1790876040,84850.53,84862.66,84772.38,84793.3,22847,31,0,-3
1790876160,84793.29,84947.13,84780.27,84947.13,22848,0,0,2
1790876280,84947.83,85033,84919.23,84965.33,22849,1,0,2
1790876400,84965.34,85046.21,84965.33,85046.2,22850,2,0,2
1790876520,85046.2,85046.21,84992.97,85011.43,22851,3,0,2
1790876640,85011.43,85055,85000,85032,22852,4,0,2
1790876760,85032,85078.85,85012.41,85043.45,22853,5,0,2
1790876880,85043.44,85048.94,84998.19,85013.99,22854,6,0,2
1790877000,85013.99,85037.18,84991.32,85037.18,22855,7,0,2
1790877120,85037.18,85049,85018.18,85049,22856,8,1,2
1790877240,85049,85049,84862,84914,22857,9,2,2
1790877360,84914.01,84945.27,84792.7,84851.65,22858,10,0,-1
1790877480,84851.66,84908.01,84812.82,84908.01,22859,11,3,-1
1790877600,84908,84908.01,84779.99,84846.98,22860,12,4,-3
1790877720,84846.99,84862.01,84720,84720.01,22861,13,0,-3
1790877840,84720.01,84744.27,84700.94,84734.08,22862,14,0,-3
1790877960,84734.07,84765.99,84692.35,84765.99,22863,15,0,-3
1790878080,84765.98,84883.27,84748.43,84883.26,22864,16,0,-3
1790878200,84883.27,84934.01,84849.87,84934,22865,17,0,-3
1790878320,84934.01,84989.29,84913.71,84948,22866,18,0,-3
1790878440,84948.01,84953.38,84850,84850.01,22867,19,0,-3
1790878560,84850.01,84868.53,84818,84840.83,22868,20,0,-3
1790878680,84840.83,84882.42,84808.05,84816.53,22869,21,0,-3
1790878800,84816.54,84855.28,84816.53,84840.16,22870,22,0,-3
1790878920,84840.16,84934.01,84802.51,84934,22871,23,0,-3
1790879040,84934.01,84947.28,84870,84897.99,22872,24,0,-3
1790879160,84897.99,84898,84838,84839.71,22873,25,0,-3
1790879280,84839.7,84860.47,84802.95,84802.95,22874,26,0,-3
1790879400,84802.95,84860.06,84793.44,84856,22875,27,0,-3
1790879520,84856,84878.01,84844.21,84866,22876,28,0,-3
1790879640,84866.01,85066.01,84866,85066,22877,29,0,-3
1790879760,85066,85095.67,84998.84,85095.66,22878,30,0,-3
1790879880,85095.66,85273.65,85095.66,85178.43,22879,31,0,-3
1790880000,85178.44,85178.44,84988.93,85034,22880,0,0,2
1790880120,85034.01,85085.56,84908.02,84916.66,22881,1,0,2
1790880240,84916.66,84972.74,84916.65,84960.97,22882,2,0,2
1790880360,84960.96,84960.97,84856,84856.38,22883,3,0,2
1790880480,84856.38,84862.83,84725.56,84740.93,22884,4,0,2
1790880600,84740.94,84742.01,84719.9,84734.83,22885,5,0,2
1790880720,84734.82,84759.45,84671.01,84759.45,22886,6,0,2
1790880840,84759.44,84792.7,84759.44,84785.34,22887,7,0,2
1790880960,84785.33,84820.61,84785.33,84820.61,22888,8,1,2
1790881080,84820.61,84822.01,84802.01,84802.02,22889,9,2,2
1790881200,84802.02,84819.99,84740.91,84740.92,22890,10,0,-1
1790881320,84740.92,84765.87,84733.52,84765.87,22891,11,3,-1
1790881440,84766.01,84806.02,84766,84800,22892,12,4,-3
1790881560,84799.99,84859.43,84787,84824,22893,13,0,-3
1790881680,84824.01,84884.01,84798,84874.69,22894,14,0,-3
1790881800,84874.69,84892.01,84812.81,84814.03,22895,15,0,-3
1790881920,84814.02,84814.03,84785.56,84812,22896,16,0,-3
1790882040,84812,84820,84787.13,84819.99,22897,17,0,-3
1790882160,84819.99,84820,84780,84780.01,22898,18,0,-3
1790882280,84780,84802.22,84757.06,84796.03,22899,19,0,-3
1790882400,84796.02,84796.02,84717.68,84741.28,22900,20,0,-3
1790882520,84741.27,84741.27,84620.93,84633.18,22901,21,0,-3
1790882640,84633.18,84697.2,84610,84679.61,22902,22,0,-3
1790882760,84679.6,84697.19,84601,84601,22903,23,0,-3
1790882880,84601.01,84640.01,84601,84612.01,22904,24,0,-3
1790883000,84612,84724.02,84601,84724.01,22905,25,0,-3
1790883120,84724.01,84766,84718.86,84746.78,22906,26,0,-3
1790883240,84746.78,84762,84701.26,84714.78,22907,27,0,-3
1790883360,84714.78,84721.89,84632,84632,22908,28,0,-3
1790883480,84632,84656.01,84626.03,84650.1,22909,29,0,-3
1790883600,84650.11,84702.01,84631.08,84688.61,22910,30,0,-3
1790883720,84688.61,84688.61,84647.79,84653.18,22911,31,0,-3
1790883840,84653.18,84663.24,84641.03,84644.02,22912,0,0,2
1790883960,84644.01,84652.01,84638.65,84644.01,22913,1,0,2
1790884080,84644.02,84644.02,84585.83,84590.44,22914,2,0,2
1790884200,84590.43,84698.01,84590.43,84698,22915,3,0,2
1790884320,84698,84698,84660.01,84672.37,22916,4,0,2
1790884440,84672.37,84690.97,84585.81,84592.01,22917,5,0,2
1790884560,84592,84650,84592,84646.02,22918,6,0,2
1790884680,84646.01,84687.4,84646,84675.36,22919,7,0,2
1790884800,84675.36,84777.18,84675.35,84777.18,22920,8,1,2
1790884920,84777.19,84792.7,84766.69,84782,22921,9,2,2
1790885040,84782,84860.05,84782,84815.28,22922,10,0,-1
1790885160,84815.28,84844.01,84790.08,84798.01,22923,11,3,-1
1790885280,84798,84806.01,84789.15,84806,22924,12,4,-3
1790885400,84806,84806,84755.11,84775.67,22925,13,0,-3
1790885520,84775.67,84800,84772,84798.96,22926,14,0,-3
1790885640,84798.95,84800,84786,84790,22927,15,0,-3
1790885760,84790,84845.05,84776.1,84780.01,22928,16,0,-3
1790885880,84780,84813.88,84777.92,84800.92,22929,17,0,-3
1790886000,84800.91,84828.01,84800.91,84821.4,22930,18,0,-3
1790886120,84821.39,84832.01,84814.09,84830,22931,19,0,-3
1790886240,84830,84832.01,84824.14,84825.39,22932,20,0,-3
1790886360,84825.4,84825.4,84784,84792.7,22933,21,0,-3
1790886480,84792.7,84792.84,84766.65,84766.65,22934,22,0,-3
1790886600,84766.66,84768.01,84758.11,84758.12,22935,23,0,-3
1790886720,84758.11,84758.12,84738.16,84749.65,22936,24,0,-3
1790886840,84749.65,84749.66,84749.65,84749.65,22937,25,0,-3
1790886960,84749.66,84749.66,84703.61,84718.08,22938,26,0,-3
1790887080,84718.08,84720,84687.4,84687.4,22939,27,0,-3
1790887200,84687.4,84687.41,84633.01,84633.01,22940,28,0,-3
1790887320,84633.02,84633.02,84603.43,84610,22941,29,0,-3
1790887440,84610,84610,84563.54,84563.54,22942,30,0,-3
1790887560,84563.55,84624.01,84563.54,84624.01,22943,31,0,-3
1790887680,84624.01,84633.93,84598.52,84598.52,22944,0,0,2
1790887800,84598.53,84665.31,84598.52,84634.22,22945,1,0,2
1790887920,84634.23,84634.23,84634.22,84634.22,22946,2,0,2
1790888040,84634.23,84658,84618,84657.99,22947,3,0,2
1790888160,84657.99,84658,84646.17,84646.18,22948,4,0,2
1790888280,84646.17,84646.18,84634,84634,22949,5,0,2
1790888400,84634.01,84634.01,84634,84634.01,22950,6,0,2
1790888520,84634.01,84643.44,84622.1,84622.1,22951,7,0,2
1790888640,84622.1,84622.11,84620.85,84620.85,22952,8,1,2
1790888760,84620.86,84658.01,84620.86,84648.48,22953,9,2,2
1790888880,84648.48,84648.49,84632.8,84632.81,22954,10,0,-1
1790889000,84632.81,84634.01,84632.8,84634,22955,11,3,-1
1790889120,84634,84646.01,84634,84642.92,22956,12,4,-3
1790889240,84642.92,84642.93,84584.5,84584.5,22957,13,0,-3
1790889360,84584.51,84624.01,84566.02,84624.01,22958,14,0,-3
1790889480,84624.01,84624.01,84602,84622.01,22959,15,0,-3
1790889600,84622.01,84687.4,84622.01,84657.99,22960,16,0,-3
1790889720,84657.99,84658,84633.63,84640,22961,17,0,-3
1790889840,84640,84640.01,84598.51,84598.52,22962,18,0,-3
1790889960,84598.51,84608.01,84598.51,84608.01,22963,19,0,-3
1790890080,84608.01,84608.01,84591.34,84591.35,22964,20,0,-3
1790890200,84591.34,84591.35,84564.32,84571.95,22965,21,0,-3
1790890320,84571.94,84614.01,84557.15,84557.15,22966,22,0,-3
1790890440,84557.15,84560.01,84544.27,84560,22967,23,0,-3
1790890560,84560.01,84560.01,84530.9,84530.9,22968,24,0,-3
1790890680,84530.9,84535.99,84511.47,84533.12,22969,25,0,-3
1790890800,84533.12,84533.12,84497.86,84520,22970,26,0,-3
1790890920,84519.99,84520,84493.35,84502.16,22971,27,0,-3
1790891040,84502.16,84502.64,84494.06,84498.28,22972,28,0,-3
1790891160,84498.27,84568.56,84498.27,84568.56,22973,29,0,-3
1790891280,84568.56,84572,84560.03,84572,22974,30,0,-3
1790891400,84571.99,84572,84530.42,84530.43,22975,31,0,-3
1790891520,84530.43,84535.19,84520.26,84535.18,22976,0,0,2
1790891640,84535.19,84550.27,84535.18,84549.35,22977,1,0,2
1790891760,84549.36,84562.01,84524,84539.78,22978,2,0,2
1790891880,84539.79,84568,84539.78,84544.99,22979,3,0,2
1790892000,84544.99,84648.01,84537.12,84648.01,22980,4,0,2
1790892120,84648,84719.82,84648,84702.03,22981,5,0,2
1790892240,84702.02,84780,84675.72,84758.1,22982,6,0,2
1790892360,84758.1,84781.15,84742.99,84752.61,22983,7,0,2
1790892480,84752.61,84752.62,84693.19,84693.2,22984,8,1,2
1790892600,84693.2,84788.01,84693.19,84770.38,22985,9,2,2
1790892720,84770.01,84782.01,84752,84754.01,22986,10,0,-1
1790892840,84754.01,84762.01,84722.92,84726,22987,11,3,-1
1790892960,84726.01,84769.74,84725.71,84769.74,22988,12,4,-3
1790893080,84769.74,84769.74,84728.74,84734.79,22989,13,0,-3
1790893200,84734.79,84750,84709.18,84750,22990,14,0,-3
1790893320,84749.99,84751.76,84711.23,84718.6,22991,15,0,-3
1790893440,84718.6,84736.01,84718.6,84728.02,22992,16,0,-3
1790893560,84728.02,84737.56,84717.59,84717.59,22993,17,0,-3
1790893680,84717.59,84717.61,84702.34,84702.34,22994,18,0,-3
1790893800,84702.34,84710.01,84686.4,84710.01,22995,19,0,-3
1790893920,84710,84714.01,84659.46,84659.47,22996,20,0,-3
1790894040,84659.47,84736.01,84659.47,84736,22997,21,0,-3
1790894160,84736,84758.28,84734.4,84758.27,22998,22,0,-3
1790894280,84758.28,84785.07,84758.27,84767.4,22999,23,0,-3
1790894400,84767.4,84767.41,84754,84756.01,23000,24,0,-3
1790894520,84756,84756.01,84672.74,84684.35,23001,25,0,-3
1790894640,84684.36,84697.24,84656,84656.01,23002,26,0,-3
1790894760,84656,84668.01,84642.66,84642.67,23003,27,0,-3
1790894880,84642.67,84643.25,84642.66,84643.23,23004,28,0,-3
1790895000,84643.23,84643.23,84622.88,84622.88,23005,29,0,-3
1790895120,84622.89,84711.77,84622.88,84711.76,23006,30,0,-3
1790895240,84711.76,84780.01,84711.76,84767.01,23007,31,0,-3
1790895360,84767,84767.01,84734.62,84736,23008,0,0,2
1790895480,84736,84749.74,84736,84749.73,23009,1,0,2
1790895600,84749.74,84749.74,84678,84692.01,23010,2,0,2
1790895720,84692.01,84736.01,84692,84736.01,23011,3,0,2
1790895840,84736,84736.01,84691.81,84691.81,23012,4,0,2
1790895960,84691.81,84713.61,84691.81,84696.38,23013,5,0,2
1790896080,84696.38,84698.01,84690.14,84692.03,23014,6,0,2
1790896200,84692.04,84692.06,84682.74,84682.75,23015,7,0,2
1790896320,84682.74,84682.75,84674,84674.01,23016,8,1,2
1790896440,84674.01,84674.01,84644.69,84644.7,23017,9,2,2
1790896560,84644.69,84695.18,84644.69,84695.18,23018,10,0,-1
1790896680,84695.17,84763.59,84695.17,84763.59,23019,11,3,-1
1790896800,84763.58,84763.59,84733.23,84733.23,23020,12,4,-3
1790896920,84733.23,84755.17,84733.23,84755.16,23021,13,0,-3
1790897040,84755.17,84755.17,84755.16,84755.16,23022,14,0,-3
1790897160,84755.16,84760,84754,84760,23023,15,0,-3
1790897280,84760,84769,84729.98,84729.98,23024,16,0,-3
1790897400,84729.99,84745.71,84703.48,84745.7,23025,17,0,-3
1790897520,84745.71,84794.01,84745.7,84794.01,23026,18,0,-3
1790897640,84794.01,84841.06,84794,84828.46,23027,19,0,-3
1790897760,84828.46,84828.46,84796,84796,23028,20,0,-3
1790897880,84796.01,84832.01,84796,84830.65,23029,21,0,-3
1790898000,84830.65,84830.65,84810.34,84810.34,23030,22,0,-3
1790898120,84810.34,84847.89,84803.9,84847.89,23031,23,0,-3
1790898240,84847.89,84858.57,84796,84796,23032,24,0,-3
1790898360,84796.01,84796.01,84790,84790.01,23033,25,0,-3
1790898480,84790,84836.94,84790,84836.94,23034,26,0,-3
1790898600,84836.93,84849.11,84810.35,84849.1,23035,27,0,-3
1790898720,84849.11,84849.11,84808,84845.63,23036,28,0,-3
1790898840,84845.63,84845.63,84807.22,84841.67,23037,29,0,-3
1790898960,84841.67,84858.03,84841.66,84858.02,23038,30,0,-3
1790899080,84858.03,84900,84858.03,84880.05,23039,31,0,-3