time,open,high,low,close,volume,INPUT_HLC3,SOURCE_NA,VOLUME_NA,ELIGIBLE_MISSING_INPUT,FINITE_AFTER_MISSING,VWAP_VARIABLE,VWAP_NA,VWAP_NZ_SENTINEL,PREVIOUS_VWAP,TRADING_DAY,INPUT_OPEN,INPUT_HIGH,INPUT_LOW,INPUT_CLOSE,INPUT_VOLUME,SAMPLE_INDEX,SOURCE_INDEX,SOURCE_TIME,CAPTURE_IS_OPEN_BAR
1791346440,102.046,102.052,102.04,102.045,,102.04566666666666,0,1,1,0,,1,123456,,1791331200000,102.046,102.052,102.04,102.045,,0,0,1791346440000,0
1791346560,102.045,102.056,102.043,102.054,,102.051,0,1,1,0,,1,123456,,1791331200000,102.045,102.056,102.043,102.054,,1,1,1791346560000,0
1791346680,102.059,102.065,102.055,102.065,,102.06166666666667,0,1,1,0,,1,123456,,1791331200000,102.059,102.065,102.055,102.065,,2,2,1791346680000,0
1791346800,102.065,102.068,102.06,102.066,,102.06466666666665,0,1,1,0,,1,123456,,1791331200000,102.065,102.068,102.06,102.066,,3,3,1791346800000,0
1791346920,102.068,102.068,102.063,102.067,,102.06599999999999,0,1,1,0,,1,123456,,1791331200000,102.068,102.068,102.063,102.067,,4,4,1791346920000,0
1791347040,102.067,102.069,102.064,102.069,,102.06733333333334,0,1,1,0,,1,123456,,1791331200000,102.067,102.069,102.064,102.069,,5,5,1791347040000,0
1791347160,102.07,102.093,102.07,102.089,,102.084,0,1,1,0,,1,123456,,1791331200000,102.07,102.093,102.07,102.089,,6,6,1791347160000,0
1791347280,102.093,102.093,102.083,102.083,,102.08633333333334,0,1,1,0,,1,123456,,1791331200000,102.093,102.093,102.083,102.083,,7,7,1791347280000,0
1791347400,102.084,102.084,102.077,102.077,,102.07933333333334,0,1,1,0,,1,123456,,1791331200000,102.084,102.084,102.077,102.077,,8,8,1791347400000,0
1791347520,102.078,102.081,102.073,102.078,,102.07733333333333,0,1,1,0,,1,123456,,1791331200000,102.078,102.081,102.073,102.078,,9,9,1791347520000,0
1791347640,102.075,102.081,102.074,102.076,,102.077,0,1,1,0,,1,123456,,1791331200000,102.075,102.081,102.074,102.076,,10,10,1791347640000,0
1791347760,102.078,102.081,102.075,102.079,,102.07833333333333,0,1,1,0,,1,123456,,1791331200000,102.078,102.081,102.075,102.079,,11,11,1791347760000,0
1791347880,102.078,102.081,102.073,102.075,,102.07633333333332,0,1,1,0,,1,123456,,1791331200000,102.078,102.081,102.073,102.075,,12,12,1791347880000,0
1791348000,102.073,102.077,102.072,102.074,,102.07433333333334,0,1,1,0,,1,123456,,1791331200000,102.073,102.077,102.072,102.074,,13,13,1791348000000,0
1791348120,102.077,102.08,102.074,102.076,,102.07666666666667,0,1,1,0,,1,123456,,1791331200000,102.077,102.08,102.074,102.076,,14,14,1791348120000,0
1791348240,102.077,102.082,102.071,102.071,,102.07466666666666,0,1,1,0,,1,123456,,1791331200000,102.077,102.082,102.071,102.071,,15,15,1791348240000,0
1791348360,102.074,102.076,102.067,102.07,,102.07099999999998,0,1,1,0,,1,123456,,1791331200000,102.074,102.076,102.067,102.07,,16,16,1791348360000,0
1791348480,102.072,102.072,102.06,102.067,,102.06633333333333,0,1,1,0,,1,123456,,1791331200000,102.072,102.072,102.06,102.067,,17,17,1791348480000,0
1791348600,102.068,102.068,102.059,102.062,,102.063,0,1,1,0,,1,123456,,1791331200000,102.068,102.068,102.059,102.062,,18,18,1791348600000,0
1791348720,102.062,102.07,102.061,102.065,,102.06533333333334,0,1,1,0,,1,123456,,1791331200000,102.062,102.07,102.061,102.065,,19,19,1791348720000,0
1791348840,102.066,102.071,102.062,102.064,,102.06566666666667,0,1,1,0,,1,123456,,1791331200000,102.066,102.071,102.062,102.064,,20,20,1791348840000,0
1791348960,102.067,102.067,102.056,102.06,,102.06099999999999,0,1,1,0,,1,123456,,1791331200000,102.067,102.067,102.056,102.06,,21,21,1791348960000,0
1791349080,102.059,102.07,102.055,102.067,,102.06400000000001,0,1,1,0,,1,123456,,1791331200000,102.059,102.07,102.055,102.067,,22,22,1791349080000,0
1791349200,102.068,102.075,102.065,102.072,,102.07066666666667,0,1,1,0,,1,123456,,1791331200000,102.068,102.075,102.065,102.072,,23,23,1791349200000,0
1791349320,102.075,102.08,102.068,102.07,,102.07266666666665,0,1,1,0,,1,123456,,1791331200000,102.075,102.08,102.068,102.07,,24,24,1791349320000,0
1791349440,102.071,102.071,102.06,102.064,,102.065,0,1,1,0,,1,123456,,1791331200000,102.071,102.071,102.06,102.064,,25,25,1791349440000,0
1791349560,102.065,102.066,102.058,102.064,,102.06266666666666,0,1,1,0,,1,123456,,1791331200000,102.065,102.066,102.058,102.064,,26,26,1791349560000,0
1791349680,102.061,102.073,102.061,102.068,,102.06733333333334,0,1,1,0,,1,123456,,1791331200000,102.061,102.073,102.061,102.068,,27,27,1791349680000,0
1791349800,102.066,102.072,102.06,102.062,,102.06466666666667,0,1,1,0,,1,123456,,1791331200000,102.066,102.072,102.06,102.062,,28,28,1791349800000,0
1791349920,102.064,102.079,102.06,102.076,,102.07166666666667,0,1,1,0,,1,123456,,1791331200000,102.064,102.079,102.06,102.076,,29,29,1791349920000,0
1791350040,102.074,102.089,102.073,102.083,,102.08166666666666,0,1,1,0,,1,123456,,1791331200000,102.074,102.089,102.073,102.083,,30,30,1791350040000,0
1791350160,102.086,102.086,102.07,102.071,,102.07566666666666,0,1,1,0,,1,123456,,1791331200000,102.086,102.086,102.07,102.071,,31,31,1791350160000,1
