time,open,high,low,close,volume,PRICE_NA,VOLUME_NA,ELIGIBLE_MISSING_INPUT,MISSING_VOLUME_NONZERO_RANGE,FINITE_NONFLAT_AFTER_MISSING,INPUT_RANGE,ACCDIST_VARIABLE,ACCDIST_NA,ACCDIST_NZ_SENTINEL,PREVIOUS_ACCDIST,INPUT_OPEN,INPUT_HIGH,INPUT_LOW,INPUT_CLOSE,INPUT_VOLUME,SAMPLE_INDEX,SOURCE_INDEX,SOURCE_TIME,CAPTURE_IS_OPEN_BAR
1791348720,102.062,102.07,102.061,102.065,,0,1,1,1,0,0.00899999999998613,,1,123456,,102.062,102.07,102.061,102.065,,0,0,1791348720000,0
1791348840,102.066,102.071,102.062,102.064,,0,1,1,1,0,0.009000000000000341,,1,123456,,102.066,102.071,102.062,102.064,,1,1,1791348840000,0
1791348960,102.067,102.067,102.056,102.06,,0,1,1,1,0,0.01099999999999568,,1,123456,,102.067,102.067,102.056,102.06,,2,2,1791348960000,0
1791349080,102.059,102.07,102.055,102.067,,0,1,1,1,0,0.014999999999986358,,1,123456,,102.059,102.07,102.055,102.067,,3,3,1791349080000,0
1791349200,102.068,102.075,102.065,102.072,,0,1,1,1,0,0.010000000000005116,,1,123456,,102.068,102.075,102.065,102.072,,4,4,1791349200000,0
1791349320,102.075,102.08,102.068,102.07,,0,1,1,1,0,0.012000000000000455,,1,123456,,102.075,102.08,102.068,102.07,,5,5,1791349320000,0
1791349440,102.071,102.071,102.06,102.064,,0,1,1,1,0,0.01099999999999568,,1,123456,,102.071,102.071,102.06,102.064,,6,6,1791349440000,0
1791349560,102.065,102.066,102.058,102.064,,0,1,1,1,0,0.007999999999995566,,1,123456,,102.065,102.066,102.058,102.064,,7,7,1791349560000,0
1791349680,102.061,102.073,102.061,102.068,,0,1,1,1,0,0.011999999999986244,,1,123456,,102.061,102.073,102.061,102.068,,8,8,1791349680000,0
1791349800,102.066,102.072,102.06,102.062,,0,1,1,1,0,0.012000000000000455,,1,123456,,102.066,102.072,102.06,102.062,,9,9,1791349800000,0
1791349920,102.064,102.079,102.06,102.076,,0,1,1,1,0,0.018999999999991246,,1,123456,,102.064,102.079,102.06,102.076,,10,10,1791349920000,0
1791350040,102.074,102.089,102.073,102.083,,0,1,1,1,0,0.016000000000005343,,1,123456,,102.074,102.089,102.073,102.083,,11,11,1791350040000,0
1791350160,102.086,102.086,102.07,102.075,,0,1,1,1,0,0.016000000000005343,,1,123456,,102.086,102.086,102.07,102.075,,12,12,1791350160000,0
1791350280,102.078,102.078,102.071,102.076,,0,1,1,1,0,0.007000000000005002,,1,123456,,102.078,102.078,102.071,102.076,,13,13,1791350280000,0
1791350400,102.079,102.087,102.074,102.084,,0,1,1,1,0,0.01300000000000523,,1,123456,,102.079,102.087,102.074,102.084,,14,14,1791350400000,0
1791350520,102.088,102.088,102.078,102.081,,0,1,1,1,0,0.009999999999990905,,1,123456,,102.088,102.088,102.078,102.081,,15,15,1791350520000,0
1791350640,102.081,102.087,102.074,102.08,,0,1,1,1,0,0.01300000000000523,,1,123456,,102.081,102.087,102.074,102.08,,16,16,1791350640000,0
1791350760,102.084,102.091,102.079,102.083,,0,1,1,1,0,0.012000000000000455,,1,123456,,102.084,102.091,102.079,102.083,,17,17,1791350760000,0
1791350880,102.088,102.099,102.083,102.094,,0,1,1,1,0,0.016000000000005343,,1,123456,,102.088,102.099,102.083,102.094,,18,18,1791350880000,0
1791351000,102.098,102.101,102.093,102.098,,0,1,1,1,0,0.007999999999995566,,1,123456,,102.098,102.101,102.093,102.098,,19,19,1791351000000,0
1791351120,102.1,102.101,102.089,102.091,,0,1,1,1,0,0.012000000000000455,,1,123456,,102.1,102.101,102.089,102.091,,20,20,1791351120000,0
1791351240,102.089,102.096,102.086,102.091,,0,1,1,1,0,0.010000000000005116,,1,123456,,102.089,102.096,102.086,102.091,,21,21,1791351240000,0
1791351360,102.095,102.095,102.089,102.09,,0,1,1,1,0,0.006000000000000227,,1,123456,,102.095,102.095,102.089,102.09,,22,22,1791351360000,0
1791351480,102.095,102.097,102.089,102.092,,0,1,1,1,0,0.007999999999995566,,1,123456,,102.095,102.097,102.089,102.092,,23,23,1791351480000,0
1791351600,102.095,102.096,102.088,102.088,,0,1,1,1,0,0.008000000000009777,,1,123456,,102.095,102.096,102.088,102.088,,24,24,1791351600000,0
1791351720,102.09,102.092,102.078,102.079,,0,1,1,1,0,0.013999999999995794,,1,123456,,102.09,102.092,102.078,102.079,,25,25,1791351720000,0
1791351840,102.083,102.083,102.065,102.068,,0,1,1,1,0,0.018000000000000682,,1,123456,,102.083,102.083,102.065,102.068,,26,26,1791351840000,0
1791351960,102.07,102.073,102.064,102.068,,0,1,1,1,0,0.009000000000000341,,1,123456,,102.07,102.073,102.064,102.068,,27,27,1791351960000,0
1791352080,102.067,102.074,102.062,102.072,,0,1,1,1,0,0.012000000000000455,,1,123456,,102.067,102.074,102.062,102.072,,28,28,1791352080000,0
1791352200,102.077,102.08,102.069,102.071,,0,1,1,1,0,0.01099999999999568,,1,123456,,102.077,102.08,102.069,102.071,,29,29,1791352200000,0
1791352320,102.07,102.076,102.067,102.073,,0,1,1,1,0,0.009000000000000341,,1,123456,,102.07,102.076,102.067,102.073,,30,30,1791352320000,0
1791352440,102.075,102.075,102.058,102.061,,0,0,0,0,1,0.016999999999995907,,1,123456,,102.075,102.075,102.058,102.061,0,31,31,1791352440000,1
