time,open,high,low,close,volume,PHASE,INPUT_SOURCE,PHYSICAL_PREVIOUS,SOURCE_NA,CLEAN_SOURCE,TSI_2_3,TSI_2_3_NA,TSI_2_3_NZ_SENTINEL,CLEAN_TSI_2_3,CLEAN_TSI_2_3_NA,CLEAN_TSI_2_3_NZ_SENTINEL,SAMPLE_INDEX,SOURCE_INDEX,SOURCE_TIME,CAPTURE_IS_OPEN_BAR
1791346680,84106.72,84108.27,84066.96,84097.7,14.06332,0,,,1,10,,1,123456,,1,123456,0,0,1791346680000,0
1791346800,84097.69,84119.3,84050.02,84112,17.82428,1,,,1,14,,1,123456,,1,123456,1,1,1791346800000,0
1791346920,84112,84116.01,84090.01,84116,11.10668,2,7,,0,7,,1,123456,,1,123456,2,2,1791346920000,0
1791347040,84116.01,84158.76,84097.68,84158.75,19.29179,3,,7,1,16,,1,123456,,1,123456,3,3,1791347040000,0
1791347160,84158.75,84174.01,84140,84150.01,12.55068,4,11,,0,11,,1,123456,0.04,0,0.04,4,4,1791347160000,0
1791347280,84150,84171.69,84138,84149.83,10.78091,5,,11,1,4,,1,123456,-0.4323144104803493,0,-0.4323144104803493,5,5,1791347280000,0
1791347400,84149.84,84149.84,84094.55,84106,11.99938,6,18,,0,18,,1,123456,0.26141078838174264,0,0.26141078838174264,6,6,1791347400000,0
1791347520,84106,84106.01,84050,84064.01,13.90131,7,9,18,0,9,,1,123456,-0.06368273819318743,0,-0.06368273819318743,7,7,1791347520000,0
1791347640,84064,84090.86,84064,84068.39,7.64625,0,10,9,0,10,,1,123456,-0.08305981387805537,0,-0.08305981387805537,8,8,1791347640000,0
1791347760,84068.39,84144.01,84068.38,84098,14.45186,1,14,10,0,14,,1,123456,0.18264358278215048,0,0.18264358278215048,9,9,1791347760000,0
1791347880,84098,84132.01,84098,84112.02,15.62663,2,7,14,0,7,-0.5238095238095238,0,-0.5238095238095238,-0.25299269427728904,0,-0.25299269427728904,10,10,1791347880000,0
1791348000,84112.01,84112.02,84074.14,84110.41,7.98104,3,,7,1,16,,1,123456,0.2409784148170342,0,0.2409784148170342,11,11,1791348000000,0
1791348120,84110.41,84118.01,84044,84044.01,19.56364,4,11,,0,11,,1,123456,-0.008892655117232097,0,-0.008892655117232097,12,12,1791348120000,0
1791348240,84044.01,84120.09,84044,84110,35.02038,5,,11,1,4,,1,123456,-0.40597864864075467,0,-0.40597864864075467,13,13,1791348240000,0
1791348360,84110,84133.95,84110,84133.94,7.42079,6,18,,0,18,,1,123456,0.27229055991022355,0,0.27229055991022355,14,14,1791348360000,0
1791348480,84133.95,84136.01,84112.12,84135.36,12.45629,7,9,18,0,9,-0.7925311203319502,0,-0.7925311203319502,-0.05338557861207902,0,-0.05338557861207902,15,15,1791348480000,0
1791348600,84135.35,84174.01,84135.35,84163.92,11.83342,0,10,9,0,10,-0.7205882352941175,0,-0.7205882352941175,-0.0742768505044489,0,-0.0742768505044489,16,16,1791348600000,0
1791348720,84163.93,84180.95,84143.23,84143.23,17.16558,1,14,10,0,14,-0.18280321565886062,0,-0.18280321565886062,0.18770409219647566,0,0.18770409219647566,17,17,1791348720000,0
1791348840,84143.23,84143.23,84100,84100,25.81208,2,7,14,0,7,-0.46412767861582055,0,-0.46412767861582055,-0.24960607083907055,0,-0.24960607083907055,18,18,1791348840000,0
1791348960,84100.01,84106.94,84086.78,84106.93,9.52226,3,,7,1,16,,1,123456,0.24203572810617607,0,0.24203572810617607,19,19,1791348960000,0
1791349080,84106.93,84106.94,84097.68,84103.06,4.75529,4,11,,0,11,,1,123456,-0.008203573247687532,0,-0.008203573247687532,20,20,1791349080000,0
1791349200,84103.07,84117.53,84103.06,84105.19,10.47898,5,,11,1,4,,1,123456,-0.4055482260039318,0,-0.4055482260039318,21,21,1791349200000,0
1791349320,84105.19,84138.16,84105.18,84130.01,13.33656,6,18,,0,18,,1,123456,0.27239388204620113,0,0.27239388204620113,22,22,1791349320000,0
1791349440,84130,84140.01,84084.47,84140.01,28.7438,7,9,18,0,9,-0.7401146150486038,0,-0.7401146150486038,-0.05332327418095698,0,-0.05332327418095698,23,23,1791349440000,0
1791349560,84140.01,84149.04,84126,84149.04,8.25951,0,10,9,0,10,-0.6710112528196993,0,-0.6710112528196993,-0.07423213555969002,0,-0.07423213555969002,24,24,1791349560000,0
1791349680,84149.03,84200.01,84149.03,84200,9.75256,1,14,10,0,14,-0.14296881119656027,0,-0.14296881119656027,0.18772777641284133,0,0.18772777641284133,25,25,1791349680000,0
1791349800,84200.01,84216.86,84190.01,84208.56,20.86357,2,7,14,0,7,-0.44703018872772615,0,-0.44703018872772615,-0.24959138101891679,0,-0.24959138101891679,26,26,1791349800000,0
1791349920,84208.56,84210.5,84160.2,84177.13,19.44016,3,,7,1,16,,1,123456,0.24204019386822626,0,0.24204019386822626,27,27,1791349920000,0
1791350040,84177.14,84189.72,84171.61,84186,11.68482,4,11,,0,11,,1,123456,-0.00820074936584982,0,-0.00820074936584982,28,28,1791350040000,0
1791350160,84186.01,84186.01,84170,84170.01,7.67764,5,,11,1,4,,1,123456,-0.4055464946856024,0,-0.4055464946856024,29,29,1791350160000,0
1791350280,84170.01,84186.96,84170,84186.96,8.71994,6,18,,0,18,,1,123456,0.2723942949737709,0,0.2723942949737709,30,30,1791350280000,0
1791350400,84186.96,84207.88,84186.96,84207.88,6.82025,7,9,18,0,9,-0.7336386286423501,0,-0.7336386286423501,-0.053323027401435304,0,-0.053323027401435304,31,31,1791350400000,1
