time,open,high,low,close,INPUT_OPEN,INPUT_HIGH,INPUT_LOW,INPUT_CLOSE,INPUT_VOLUME,HIGH_NA,LOW_NA,CLOSE_NA,OHLC_MISSING,VOLUME_MISSING,FINITE_RECOVERY,INPUT_RANGE,NONFLAT_OHLC_ELIGIBLE,III,III_NA,III_NZ_SENTINEL,SAMPLE_INDEX,SOURCE_INDEX,SOURCE_TIME
1791314280,85438.01,85478.01,85438,85478.01,,,,,,,,,,,,,,,,,,,
1791314400,85478.01,85515.37,85472.36,85492.02,,,,,,,,,,,,,,,,,,,
1791314520,85492.01,85492.02,85476,85476.01,,,,,,,,,,,,,,,,,,,
1791314640,85476.01,85499.66,85467.49,85467.5,,,,,,,,,,,,,,,,,,,
1791314760,85467.49,85495.37,85457.31,85495.37,,,,,,,,,,,,,,,,,,,
1791314880,85495.37,85521.58,85495.36,85497.91,,,,,,,,,,,,,,,,,,,
1791315000,85497.91,85575.35,85497.91,85575.35,,,,,,,,,,,,,,,,,,,
1791315120,85575.35,85594.01,85564,85564.01,,,,,,,,,,,,,,,,,,,
1791315240,85564.01,85564.01,85516.79,85528,,,,,,,,,,,,,,,,,,,
1791315360,85528.01,85544,85505.17,85505.18,,,,,,,,,,,,,,,,,,,
1791315480,85505.17,85525,85493.61,85525,,,,,,,,,,,,,,,,,,,
1791315600,85525,85553.76,85523.08,85523.37,,,,,,,,,,,,,,,,,,,
1791315720,85523.38,85523.38,85500,85500.01,,,,,,,,,,,,,,,,,,,
1791315840,85500.01,85534.01,85489.93,85534,,,,,,,,,,,,,,,,,,,
1791315960,85534.01,85666.01,85534.01,85666.01,,,,,,,,,,,,,,,,,,,
1791316080,85666.01,85682.95,85595.1,85604.72,,,,,,,,,,,,,,,,,,,
1791316200,85604.72,85618.01,85579.12,85585.2,,,,,,,,,,,,,,,,,,,
1791316320,85585.21,85585.21,85563.89,85563.89,,,,,,,,,,,,,,,,,,,
1791316440,85563.89,85596.02,85563.89,85596.02,,,,,,,,,,,,,,,,,,,
1791316560,85596.02,85597.3,85596.01,85597.29,,,,,,,,,,,,,,,,,,,
1791316680,85597.3,85640.01,85597.29,85614,,,,,,,,,,,,,,,,,,,
1791316800,85614,85626.32,85604.08,85604.09,,,,,,,,,,,,,,,,,,,
1791316920,85604.09,85610.83,85580,85594.01,,,,,,,,,,,,,,,,,,,
1791317040,85594.01,85617.48,85594,85614.03,,,,,,,,,,,,,,,,,,,
1791317160,85614.02,85624.01,85606.22,85606.23,,,,,,,,,,,,,,,,,,,
1791317280,85606.22,85606.23,85605,85605,,,,,,,,,,,,,,,,,,,
1791317400,85605,85605.01,85580.55,85580.55,,,,,,,,,,,,,,,,,,,
1791317520,85580.56,85592.01,85580.55,85592,,,,,,,,,,,,,,,,,,,
1791317640,85592.01,85650.01,85592.01,85650,,,,,,,,,,,,,,,,,,,
1791317760,85650.01,85656.01,85648.04,85650.01,,,,,,,,,,,,,,,,,,,
1791317880,85650.01,85650.01,85636.91,85640,,,,,,,,,,,,,,,,,,,
1791318000,85640,85668.01,85640,85668,,,,,,,,,,,,,,,,,,,
1791318120,85668,85668,85610,85611.94,,,,,,,,,,,,,,,,,,,
1791318240,85611.94,85633.76,85603.02,85633.76,,,,,,,,,,,,,,,,,,,
1791318360,85633.75,85633.76,85620,85620.01,,,,,,,,,,,,,,,,,,,
1791318480,85620.01,85620.01,85606.53,85606.53,,,,,,,,,,,,,,,,,,,
1791318600,85606.54,85630.01,85606.53,85630,,,,,,,,,,,,,,,,,,,
1791318720,85630.01,85636.02,85630,85636.01,,,,,,,,,,,,,,,,,,,
1791318840,85636.02,85636.02,85630.33,85630.34,,,,,,,,,,,,,,,,,,,
1791318960,85630.34,85630.34,85624,85624.01,,,,,,,,,,,,,,,,,,,
1791319080,85624,85652.56,85610,85652.56,,,,,,,,,,,,,,,,,,,
1791319200,85652.56,85665.5,85644.42,85644.42,,,,,,,,,,,,,,,,,,,
1791319320,85644.42,85644.43,85632.81,85632.81,,,,,,,,,,,,,,,,,,,
1791319440,85632.81,85644.43,85623.85,85644.42,,,,,,,,,,,,,,,,,,,
1791319560,85644.43,85652.24,85644.43,85648.19,,,,,,,,,,,,,,,,,,,
1791319680,85648.2,85665.41,85624.8,85624.81,,,,,,,,,,,,,,,,,,,
1791319800,85624.81,85626.55,85624.8,85626.54,,,,,,,,,,,,,,,,,,,
1791319920,85626.54,85636.92,85626,85626.01,,,,,,,,,,,,,,,,,,,
1791320040,85626.01,85626.01,85626,85626.01,,,,,,,,,,,,,,,,,,,
1791320160,85626.01,85626.01,85605,85605.01,,,,,,,,,,,,,,,,,,,
1791320280,85605.01,85611.42,85604.03,85611.41,,,,,,,,,,,,,,,,,,,
1791320400,85611.42,85621.49,85606.96,85606.96,,,,,,,,,,,,,,,,,,,
1791320520,85606.96,85606.99,85536.01,85536.01,,,,,,,,,,,,,,,,,,,
1791320640,85536.02,85575.02,85522.82,85575.01,,,,,,,,,,,,,,,,,,,
1791320760,85575.02,85585.02,85575.01,85585.02,,,,,,,,,,,,,,,,,,,
1791320880,85585.01,85587.81,85552.18,85552.19,,,,,,,,,,,,,,,,,,,
1791321000,85552.18,85552.19,85522.59,85534.69,,,,,,,,,,,,,,,,,,,
1791321120,85534.69,85561.8,85534.69,85561.8,,,,,,,,,,,,,,,,,,,
1791321240,85561.79,85561.8,85561.79,85561.8,,,,,,,,,,,,,,,,,,,
1791321360,85561.8,85570.01,85556.36,85556.37,,,,,,,,,,,,,,,,,,,
1791321480,85556.36,85556.37,85502.45,85502.46,,,,,,,,,,,,,,,,,,,
1791321600,85502.46,85531.51,85495.01,85531.5,,,,,,,,,,,,,,,,,,,
1791321720,85531.5,85542.01,85531.5,85542.01,,,,,,,,,,,,,,,,,,,
1791321840,85542.01,85575.35,85542,85564,,,,,,,,,,,,,,,,,,,
1791321960,85564,85564.01,85558.31,85558.32,,,,,,,,,,,,,,,,,,,
1791322080,85558.32,85580.01,85558.32,85580.01,,,,,,,,,,,,,,,,,,,
1791322200,85580,85592.01,85575.34,85592,,,,,,,,,,,,,,,,,,,
1791322320,85592,85605.79,85592,85605.79,,,,,,,,,,,,,,,,,,,
1791322440,85605.78,85610,85605.78,85610,,,,,,,,,,,,,,,,,,,
1791322560,85609.99,85610,85609.99,85609.99,,,,,,,,,,,,,,,,,,,
1791322680,85609.99,85610,85582.81,85609.99,,,,,,,,,,,,,,,,,,,
1791322800,85610,85610,85598.68,85598.69,,,,,,,,,,,,,,,,,,,
1791322920,85598.69,85598.69,85592,85595.97,,,,,,,,,,,,,,,,,,,
1791323040,85595.96,85595.97,85584.88,85584.88,,,,,,,,,,,,,,,,,,,
1791323160,85584.89,85590.7,85584.88,85590.7,,,,,,,,,,,,,,,,,,,
1791323280,85590.7,85590.7,85590.69,85590.69,,,,,,,,,,,,,,,,,,,
1791323400,85590.7,85590.7,85582,85582,,,,,,,,,,,,,,,,,,,
1791323520,85582.01,85582.01,85578.75,85579.46,,,,,,,,,,,,,,,,,,,
1791323640,85579.47,85579.47,85548.06,85548.79,,,,,,,,,,,,,,,,,,,
1791323760,85548.78,85590.01,85548.78,85590.01,,,,,,,,,,,,,,,,,,,
1791323880,85590.01,85612.01,85590.01,85610,,,,,,,,,,,,,,,,,,,
1791324000,85609.99,85610,85592,85592.01,,,,,,,,,,,,,,,,,,,
1791324120,85592.01,85636.92,85582,85636.92,,,,,,,,,,,,,,,,,,,
1791324240,85636.91,85644.01,85620.79,85626.55,,,,,,,,,,,,,,,,,,,
1791324360,85626.54,85626.55,85626.54,85626.55,,,,,,,,,,,,,,,,,,,
1791324480,85626.54,85657.01,85626.54,85657.01,,,,,,,,,,,,,,,,,,,
1791324600,85657,85657,85621.01,85621.01,,,,,,,,,,,,,,,,,,,
1791324720,85621.01,85621.02,85592.06,85592.06,,,,,,,,,,,,,,,,,,,
1791324840,85592.06,85592.07,85561.72,85561.72,,,,,,,,,,,,,,,,,,,
1791324960,85561.73,85561.73,85553.92,85554.01,,,,,,,,,,,,,,,,,,,
1791325080,85554,85593.25,85554,85593.24,,,,,,,,,,,,,,,,,,,
1791325200,85593.24,85615.37,85593.24,85604,,,,,,,,,,,,,,,,,,,
1791325320,85604.01,85613.95,85582.93,85588.01,,,,,,,,,,,,,,,,,,,
1791325440,85588.01,85588.01,85538,85538.01,,,,,,,,,,,,,,,,,,,
1791325560,85538.01,85545.4,85530.55,85540.01,,,,,,,,,,,,,,,,,,,
1791325680,85540.01,85540.01,85488.71,85488.71,,,,,,,,,,,,,,,,,,,
1791325800,85488.72,85507.93,85469.65,85507.92,,,,,,,,,,,,,,,,,,,
1791325920,85507.93,85523.08,85504,85523.07,,,,,,,,,,,,,,,,,,,
1791326040,85523.07,85536.01,85523.07,85528.19,,,,,,,,,,,,,,,,,,,
1791326160,85528.18,85528.2,85528.18,85528.19,,,,,,,,,,,,,,,,,,,
1791326280,85528.2,85528.2,85528.19,85528.2,,,,,,,,,,,,,,,,,,,
1791326400,85528.2,85551.99,85528.19,85551.99,,,,,,,,,,,,,,,,,,,
1791326520,85551.99,85551.99,85551.98,85551.99,,,,,,,,,,,,,,,,,,,
1791326640,85551.98,85569.63,85551.98,85569.63,,,,,,,,,,,,,,,,,,,
1791326760,85569.62,85585.07,85569.62,85585.06,,,,,,,,,,,,,,,,,,,
1791326880,85585.07,85585.07,85585.06,85585.07,,,,,,,,,,,,,,,,,,,
1791327000,85585.07,85585.07,85581.44,85581.44,,,,,,,,,,,,,,,,,,,
1791327120,85581.45,85581.45,85551.98,85551.98,,,,,,,,,,,,,,,,,,,
1791327240,85551.99,85551.99,85551.98,85551.99,,,,,,,,,,,,,,,,,,,
1791327360,85551.98,85551.99,85551.98,85551.98,,,,,,,,,,,,,,,,,,,
1791327480,85551.99,85551.99,85534.53,85534.53,,,,,,,,,,,,,,,,,,,
1791327600,85534.53,85550.01,85530.01,85550.01,,,,,,,,,,,,,,,,,,,
1791327720,85550,85551.16,85528.26,85528.27,,,,,,,,,,,,,,,,,,,
1791327840,85528.27,85528.27,85504.74,85504.75,,,,,,,,,,,,,,,,,,,
1791327960,85504.74,85504.75,85500,85500,,,,,,,,,,,,,,,,,,,
1791328080,85500,85504.01,85500,85504,,,,,,,,,,,,,,,,,,,
1791328200,85504.01,85525.99,85504.01,85525.99,,,,,,,,,,,,,,,,,,,
1791328320,85525.99,85533.91,85525.98,85533.91,,,,,,,,,,,,,,,,,,,
1791328440,85533.9,85533.9,85497.86,85497.87,,,,,,,,,,,,,,,,,,,
1791328560,85497.87,85497.87,85456,85472.15,,,,,,,,,,,,,,,,,,,
1791328680,85472.16,85484.89,85472.15,85477.95,,,,,,,,,,,,,,,,,,,
1791328800,85477.96,85519.48,85477.95,85519.48,,,,,,,,,,,,,,,,,,,
1791328920,85519.48,85521.86,85519.47,85521.86,,,,,,,,,,,,,,,,,,,
1791329040,85521.86,85531.49,85521.85,85531.48,,,,,,,,,,,,,,,,,,,
1791329160,85531.48,85535.67,85531.48,85535.66,,,,,,,,,,,,,,,,,,,
1791329280,85535.67,85535.67,85447.55,85498.7,,,,,,,,,,,,,,,,,,,
1791329400,85498.69,85505.07,85444,85444,,,,,,,,,,,,,,,,,,,
1791329520,85444.01,85444.01,85346.77,85392.8,,,,,,,,,,,,,,,,,,,
1791329640,85392.8,85424.01,85362,85424.01,,,,,,,,,,,,,,,,,,,
1791329760,85424.01,85482.2,85424,85482.2,,,,,,,,,,,,,,,,,,,
1791329880,85482.2,85503.11,85482.2,85503.11,,,,,,,,,,,,,,,,,,,
1791330000,85503.1,85538.01,85503.1,85538,,,,,,,,,,,,,,,,,,,
1791330120,85538.01,85554.01,85536.63,85554,,,,,,,,,,,,,,,,,,,
1791330240,85554.01,85581.45,85554,85581.44,,,,,,,,,,,,,,,,,,,
1791330360,85581.45,85608.01,85581.45,85594.06,,,,,,,,,,,,,,,,,,,
1791330480,85594.05,85598.01,85583.4,85598,,,,,,,,,,,,,,,,,,,
1791330600,85598.01,85619.21,85598,85612,,,,,,,,,,,,,,,,,,,
1791330720,85612,85612.4,85593.29,85593.3,,,,,,,,,,,,,,,,,,,
1791330840,85593.29,85593.29,85580,85582.55,,,,,,,,,,,,,,,,,,,
1791330960,85582.54,85582.55,85577.47,85577.48,,,,,,,,,,,,,,,,,,,
1791331080,85577.47,85577.48,85549.93,85549.93,,,,,,,,,,,,,,,,,,,
1791331200,85549.94,85549.94,85540.8,85540.8,,,,,,,,,,,,,,,,,,,
1791331320,85540.8,85540.8,85515.01,85515.01,,,,,,,,,,,,,,,,,,,
1791331440,85515.01,85515.01,85494,85494,,,,,,,,,,,,,,,,,,,
1791331560,85494,85494.01,85471.54,85490,,,,,,,,,,,,,,,,,,,
1791331680,85490.01,85554.55,85490,85553.38,,,,,,,,,,,,,,,,,,,
1791331800,85553.38,85594.01,85553.38,85582.64,,,,,,,,,,,,,,,,,,,
1791331920,85582.63,85598.22,85574,85576,,,,,,,,,,,,,,,,,,,
1791332040,85576.01,85576.01,85576,85576.01,,,,,,,,,,,,,,,,,,,
1791332160,85576,85588.01,85564.01,85564.23,,,,,,,,,,,,,,,,,,,
1791332280,85564.23,85566.25,85548.01,85548.02,,,,,,,,,,,,,,,,,,,
1791332400,85548.02,85548.02,85475.78,85475.78,,,,,,,,,,,,,,,,,,,
1791332520,85475.79,85496.01,85466.01,85470.01,,,,,,,,,,,,,,,,,,,
1791332640,85470,85470.01,85464.92,85464.93,,,,,,,,,,,,,,,,,,,
1791332760,85464.92,85464.93,85450.16,85450.17,,,,,,,,,,,,,,,,,,,
1791332880,85450.17,85450.17,85414.01,85414.02,,,,,,,,,,,,,,,,,,,
1791333000,85414.02,85423.13,85400,85423.13,,,,,,,,,,,,,,,,,,,
1791333120,85423.13,85454.86,85423.12,85452.86,,,,,,,,,,,,,,,,,,,
1791333240,85452.86,85490.01,85447.11,85490,,,,,,,,,,,,,,,,,,,
1791333360,85490.01,85572.92,85490.01,85564.36,,,,,,,,,,,,,,,,,,,
1791333480,85564.35,85564.36,85488,85488.01,,,,,,,,,,,,,,,,,,,
1791333600,85488,85500.01,85482,85500.01,,,,,,,,,,,,,,,,,,,
1791333720,85500,85512.01,85500,85512,,,,,,,,,,,,,,,,,,,
1791333840,85512.01,85537.22,85512,85523.94,,,,,,,,,,,,,,,,,,,
1791333960,85523.94,85523.94,85500.57,85500.58,,,,,,,,,,,,,,,,,,,
1791334080,85500.57,85542.01,85500.57,85542.01,,,,,,,,,,,,,,,,,,,
1791334200,85542,85546.01,85542,85546,,,,,,,,,,,,,,,,,,,
1791334320,85546.01,85549.89,85516.01,85530.01,,,,,,,,,,,,,,,,,,,
1791334440,85530,85543.3,85520.82,85530.67,,,,,,,,,,,,,,,,,,,
1791334560,85530.67,85546.77,85519.66,85546.77,,,,,,,,,,,,,,,,,,,
1791334680,85546.77,85566.61,85540,85540.01,,,,,,,,,,,,,,,,,,,
1791334800,85540,85540.01,85456.45,85456.46,,,,,,,,,,,,,,,,,,,
1791334920,85456.45,85479.12,85450.01,85464.01,,,,,,,,,,,,,,,,,,,
1791335040,85464.01,85475.79,85441.2,85452.2,,,,,,,,,,,,,,,,,,,
1791335160,85452.2,85496.01,85448,85481.48,,,,,,,,,,,,,,,,,,,
1791335280,85481.49,85481.49,85474.88,85474.89,,,,,,,,,,,,,,,,,,,
1791335400,85474.88,85480.07,85436,85436,,,,,,,,,,,,,,,,,,,
1791335520,85436.01,85436.01,85414,85428.92,,,,,,,,,,,,,,,,,,,
1791335640,85428.92,85461.67,85410,85436.34,,,,,,,,,,,,,,,,,,,
1791335760,85436.34,85445.26,85400,85418,,,,,,,,,,,,,,,,,,,
1791335880,85418,85418,85372,85372.01,,,,,,,,,,,,,,,,,,,
1791336000,85372.01,85394.01,85368,85368.01,,,,,,,,,,,,,,,,,,,
1791336120,85368.01,85371.98,85312.96,85326.36,,,,,,,,,,,,,,,,,,,
1791336240,85326.36,85349.18,85307.02,85320.99,,,,,,,,,,,,,,,,,,,
1791336360,85320.99,85330,85301.38,85301.39,,,,,,,,,,,,,,,,,,,
1791336480,85301.38,85301.39,85261.18,85267.49,,,,,,,,,,,,,,,,,,,
1791336600,85267.49,85338.61,85235.29,85336.16,,,,,,,,,,,,,,,,,,,
1791336720,85336.16,85336.16,85304.83,85316.78,,,,,,,,,,,,,,,,,,,
1791336840,85316.78,85326.79,85209.06,85209.07,,,,,,,,,,,,,,,,,,,
1791336960,85209.07,85209.1,85189,85189.01,,,,,,,,,,,,,,,,,,,
1791337080,85189.01,85247.68,85189,85247.67,,,,,,,,,,,,,,,,,,,
1791337200,85247.68,85307.66,85233.2,85307.66,,,,,,,,,,,,,,,,,,,
1791337320,85307.66,85307.66,85272.32,85272.32,,,,,,,,,,,,,,,,,,,
1791337440,85272.32,85341.81,85270.32,85332.91,,,,,,,,,,,,,,,,,,,
1791337560,85332.9,85336.49,85279.63,85292.02,,,,,,,,,,,,,,,,,,,
1791337680,85292.02,85311.29,85292.02,85311.29,,,,,,,,,,,,,,,,,,,
1791337800,85311.29,85311.29,85267.5,85267.5,,,,,,,,,,,,,,,,,,,
1791337920,85267.5,85267.51,85150,85151.37,,,,,,,,,,,,,,,,,,,
1791338040,85151.37,85160,85000,85088.01,,,,,,,,,,,,,,,,,,,
1791338160,85088,85088.01,84774.85,84812.52,,,,,,,,,,,,,,,,,,,
1791338280,84812.52,84812.53,84372,84391.56,,,,,,,,,,,,,,,,,,,
1791338400,84391.49,84533.27,83615,83884.81,,,,,,,,,,,,,,,,,,,
1791338520,83885.83,84227.42,83653.16,83778.24,,,,,,,,,,,,,,,,,,,
1791338640,83778.24,83910.63,83616,83845.83,,,,,,,,,,,,,,,,,,,
1791338760,83845.83,83878.13,83577,83845.45,,,,,,,,,,,,,,,,,,,
1791338880,83845.45,84049.62,83845.45,83939.05,,,,,,,,,,,,,,,,,,,
1791339000,83939.05,84103.45,83930,84022.51,,,,,,,,,,,,,,,,,,,
1791339120,84022.5,84039.3,83917.46,83942.53,,,,,,,,,,,,,,,,,,,
1791339240,83942.53,83993.55,83900,83904.07,,,,,,,,,,,,,,,,,,,
1791339360,83904.06,84036.13,83900,84036.13,,,,,,,,,,,,,,,,,,,
1791339480,84036.13,84095.93,84019.12,84080.56,,,,,,,,,,,,,,,,,,,
1791339600,84080.57,84097.69,84036.12,84047.77,,,,,,,,,,,,,,,,,,,
1791339720,84047.77,84072.52,83818.45,83853.69,,,,,,,,,,,,,,,,,,,
1791339840,83853.68,83879.18,83818.45,83828.61,,,,,,,,,,,,,,,,,,,
1791339960,83828.6,83828.6,83713.6,83769.31,,,,,,,,,,,,,,,,,,,
1791340080,83769.3,83867.97,83735.77,83857.12,,,,,,,,,,,,,,,,,,,
1791340200,83857.12,83934.81,83827.77,83897.25,,,,,,,,,,,,,,,,,,,
1791340320,83897.26,83912.98,83840,83912.98,,,,,,,,,,,,,,,,,,,
1791340440,83912.98,83999.22,83884.88,83968.86,,,,,,,,,,,,,,,,,,,
1791340560,83968.86,83989.07,83857.2,83857.21,,,,,,,,,,,,,,,,,,,
1791340680,83857.22,83922.54,83857.21,83872.86,,,,,,,,,,,,,,,,,,,
1791340800,83872.86,83872.87,83840,83840,,,,,,,,,,,,,,,,,,,
1791340920,83840.01,83848,83802.49,83809.21,,,,,,,,,,,,,,,,,,,
1791341040,83809.21,83911.53,83800,83911.53,,,,,,,,,,,,,,,,,,,
1791341160,83911.53,83940.52,83824.35,83875,,,,,,,,,,,,,,,,,,,
1791341280,83875.01,83906.4,83858,83887.17,,,,,,,,,,,,,,,,,,,
1791341400,83887.16,83923.91,83865.53,83870.66,,,,,,,,,,,,,,,,,,,
1791341520,83870.67,83884.75,83832,83832.01,,,,,,,,,,,,,,,,,,,
1791341640,83832,83883.34,83829.05,83866,,,,,,,,,,,,,,,,,,,
1791341760,83866,83879.6,83838,83851.42,,,,,,,,,,,,,,,,,,,
1791341880,83851.41,83890.43,83851.41,83868.41,,,,,,,,,,,,,,,,,,,
1791342000,83868.41,83959.52,83868.4,83957,,,,,,,,,,,,,,,,,,,
1791342120,83957,84087.17,83956.99,84084.47,,,,,,,,,,,,,,,,,,,
1791342240,84084.46,84089.73,84004.01,84048.01,,,,,,,,,,,,,,,,,,,
1791342360,84048.01,84097.69,84048.01,84097.68,,,,,,,,,,,,,,,,,,,
1791342480,84097.68,84112.03,84078,84091.59,,,,,,,,,,,,,,,,,,,
1791342600,84091.6,84091.6,84052,84059.23,,,,,,,,,,,,,,,,,,,
1791342720,84059.23,84059.24,83979.68,83988.01,,,,,,,,,,,,,,,,,,,
1791342840,83988.01,83988.02,83948.01,83974.56,,,,,,,,,,,,,,,,,,,
1791342960,83974.55,84072.01,83974.55,84072,,,,,,,,,,,,,,,,,,,
1791343080,84072,84118.03,84072,84100,,,,,,,,,,,,,,,,,,,
1791343200,84100.01,84100.01,84001,84011.36,,,,,,,,,,,,,,,,,,,
1791343320,84011.35,84016.01,83988,84016,,,,,,,,,,,,,,,,,,,
1791343440,84016.01,84076.01,84016,84076.01,,,,,,,,,,,,,,,,,,,
1791343560,84076.01,84076.01,84012.2,84012.2,,,,,,,,,,,,,,,,,,,
1791343680,84012.21,84033.47,83975.89,83975.9,,,,,,,,,,,,,,,,,,,
1791343800,83975.89,84022.01,83975.89,84022.01,,,,,,,,,,,,,,,,,,,
1791343920,84022.01,84066.5,84022,84066.5,,,,,,,,,,,,,,,,,,,
1791344040,84066.49,84085.72,84066.49,84076.01,,,,,,,,,,,,,,,,,,,
1791344160,84076,84133.22,84076,84128.26,,,,,,,,,,,,,,,,,,,
1791344280,84128.25,84138.71,84112,84137.73,,,,,,,,,,,,,,,,,,,
1791344400,84137.73,84147.27,84130.39,84136.46,,,,,,,,,,,,,,,,,,,
1791344520,84136.47,84159.26,84136.46,84159.25,,,,,,,,,,,,,,,,,,,
1791344640,84159.25,84168.93,84137.53,84168.31,,,,,,,,,,,,,,,,,,,
1791344760,84168.32,84186.1,84156,84186.1,,,,,,,,,,,,,,,,,,,
1791344880,84186.1,84249.88,84181.77,84236.01,,,,,,,,,,,,,,,,,,,
1791345000,84236.01,84236.02,84200.21,84209.28,,,,,,,,,,,,,,,,,,,
1791345120,84209.27,84240.01,84209.27,84232.01,,,,,,,,,,,,,,,,,,,
1791345240,84232.01,84232.02,84200.22,84215.13,,,,,,,,,,,,,,,,,,,
1791345360,84215.13,84219.85,84170,84170.01,,,,,,,,,,,,,,,,,,,
1791345480,84170,84170.01,84130.03,84150.39,,,,,,,,,,,,,,,,,,,
1791345600,84150.39,84194.62,84142,84191.37,,,,,,,,,,,,,,,,,,,
1791345720,84191.37,84219.68,84178,84212.01,,,,,,,,,,,,,,,,,,,
1791345840,84212.01,84219.67,84153,84153,,,,,,,,,,,,,,,,,,,
1791345960,84153,84160.01,84110.02,84110.03,,,,,,,,,,,,,,,,,,,
1791346080,84110.03,84148.14,84100,84148.13,,,,,,,,,,,,,,,,,,,
1791346200,84148.14,84148.14,84146.78,84146.78,,,,,,,,,,,,,,,,,,,
1791346320,84146.78,84148.99,84138,84147.51,,,,,,,,,,,,,,,,,,,
1791346440,84147.51,84150.01,84138.01,84138.01,,,,,,,,,,,,,,,,,,,
1791346560,84138.01,84138.02,84069.36,84106.72,,,,,,,,,,,,,,,,,,,
1791346680,84106.72,84108.27,84066.96,84097.7,,,,,,,,,,,,,,,,,,,
1791346800,84097.69,84119.3,84050.02,84112,,,,,,,,,,,,,,,,,,,
1791346920,84112,84116.01,84090.01,84116,,,,,,,,,,,,,,,,,,,
1791347040,84116.01,84158.76,84097.68,84158.75,84116.01,84158.76,84097.68,84158.75,19.29179,0,0,0,0,0,0,61.080000000001746,1,19.28547310740344,0,19.28547310740344,0,0,1791347040000
1791347160,84158.75,84174.01,84140,84150.01,84158.75,84174.01,84140,84150.01,12.55068,0,0,0,0,0,0,34.00999999999476,1,-5.162717236109756,0,-5.162717236109756,1,1,1791347160000
1791347280,84150,84171.69,84138,84149.83,84150,84171.69,84138,84149.83,10.78091,0,0,0,0,0,0,33.69000000000233,1,-3.209632748589492,0,-3.209632748589492,2,2,1791347280000
1791347400,84149.84,84149.84,84094.55,84106,84149.84,84149.84,84094.55,84106,11.99938,0,0,0,0,0,0,55.2899999999936,1,-7.029479439320637,0,-7.029479439320637,3,3,1791347400000
1791347520,84106,84106.01,84050,84064.01,84106,84106.01,84050,84064.01,13.90131,0,0,0,0,0,0,56.00999999999476,1,-6.946932099627017,0,-6.946932099627017,4,4,1791347520000
1791347640,84064,84090.86,84064,84068.39,84064,84090.86,84064,84068.39,7.64625,0,0,0,0,0,0,26.860000000000582,1,-5.146842889054742,0,-5.146842889054742,5,5,1791347640000
1791347760,84068.39,84144.01,84068.38,84098,84068.39,84144.01,84068.38,84098,14.45186,0,0,0,0,0,0,75.6299999999901,1,-3.131905135528528,0,-3.131905135528528,6,6,1791347760000
1791347880,84098,84132.01,84098,84112.02,84098,84132.01,84098,84112.02,15.62663,0,0,0,0,0,0,34.00999999999476,1,-2.7430456071686318,0,-2.7430456071686318,7,7,1791347880000
1791348000,84112.01,84112.02,84074.14,84110.41,84112.01,84112.02,84074.14,84110.41,7.98104,0,0,0,0,0,0,37.88000000000466,1,7.302609461457072,0,7.302609461457072,8,8,1791348000000
1791348120,84110.41,84118.01,84044,84044.01,84110.41,84118.01,84044,84044.01,19.56364,0,0,0,0,0,0,74.00999999999476,1,-19.558353244158962,0,-19.558353244158962,9,9,1791348120000
1791348240,84044.01,84120.09,84044,84110,84044.01,84120.09,84044,84110,35.02038,0,0,0,0,0,0,76.08999999999651,1,25.732546271523358,0,25.732546271523358,10,10,1791348240000
1791348360,84110,84133.95,84110,84133.94,84110,84133.95,84110,84133.94,7.42079,0,0,0,0,0,0,23.94999999999709,1,7.414593098124331,0,7.414593098124331,11,11,1791348360000
1791348480,84133.95,84136.01,84112.12,84135.36,84133.95,84136.01,84112.12,84135.36,12.45629,0,0,0,0,0,0,23.889999999999418,1,11.778467605698811,0,11.778467605698811,12,12,1791348480000
1791348600,84135.35,84174.01,84135.35,84163.92,84135.35,84174.01,84135.35,84163.92,11.83342,0,0,0,0,0,0,38.65999999998894,1,5.65653392653943,0,5.65653392653943,13,13,1791348600000
1791348720,84163.93,84180.95,84143.23,84143.23,84163.93,84180.95,84143.23,84143.23,17.16558,0,0,0,0,0,0,37.720000000001164,1,-17.16558,0,-17.16558,14,14,1791348720000
1791348840,84143.23,84143.23,84100,84100,84143.23,84143.23,84100,84100,25.81208,0,0,0,0,0,0,43.229999999995925,1,-25.81208,0,-25.81208,15,15,1791348840000
1791348960,84100.01,84106.94,84086.78,84106.93,84100.01,84106.94,84086.78,84106.93,9.52226,0,0,0,0,0,0,20.160000000003492,1,9.512813313483266,0,9.512813313483266,16,16,1791348960000
1791349080,84106.93,84106.94,84097.68,84103.06,84106.93,84106.94,84097.68,84103.06,4.75529,0,0,0,0,0,0,9.260000000009313,1,0.7702953563707154,0,0.7702953563707154,17,17,1791349080000
1791349200,84103.07,84117.53,84103.06,84105.19,84103.07,84117.53,84103.06,84105.19,10.47898,0,0,0,0,0,0,14.470000000001164,1,-7.393945114022529,0,-7.393945114022529,18,18,1791349200000
1791349320,84105.19,84138.16,84105.18,84130.01,84105.19,84138.16,84105.18,84130.01,13.33656,0,0,0,0,0,0,32.98000000001048,1,6.745112819885875,0,6.745112819885875,19,19,1791349320000
1791349440,84130,84140.01,84084.47,84140.01,84130,84140.01,84084.47,84140.01,28.7438,0,0,0,0,0,0,55.5399999999936,1,28.7438,0,28.7438,20,20,1791349440000
1791349560,84140.01,84149.04,84126,84149.04,84140.01,84149.04,84126,84149.04,8.25951,0,0,0,0,0,0,23.039999999993597,1,8.25951,0,8.25951,21,21,1791349560000
1791349680,84149.03,84200.01,84149.03,84200,84149.03,84200.01,84149.03,84200,9.75256,0,0,0,0,0,0,50.979999999995925,1,9.748733966263284,0,9.748733966263284,22,22,1791349680000
1791349800,84200.01,84216.86,84190.01,84208.56,84200.01,84216.86,84190.01,84208.56,20.86357,0,0,0,0,0,0,26.85000000000582,1,7.964677560519688,0,7.964677560519688,23,23,1791349800000
1791349920,84208.56,84210.5,84160.2,84177.13,84208.56,84210.5,84160.2,84177.13,19.44016,0,0,0,0,0,0,50.30000000000291,1,-6.353801797211608,0,-6.353801797211608,24,24,1791349920000
1791350040,84177.14,84189.72,84171.61,84186,84177.14,84189.72,84171.61,84186,11.68482,0,0,0,0,0,0,18.110000000000582,1,6.884430115956686,0,6.884430115956686,25,25,1791350040000
1791350160,84186.01,84186.01,84170,84170.01,84186.01,84186.01,84170,84170.01,7.67764,0,0,0,0,0,0,16.00999999999476,1,-7.668048944414766,0,-7.668048944414766,26,26,1791350160000
1791350280,84170.01,84186.96,84170,84186.96,84170.01,84186.96,84170,84186.96,8.71994,0,0,0,0,0,0,16.960000000006403,1,8.71994,0,8.71994,27,27,1791350280000
1791350400,84186.96,84218.01,84186.96,84218.01,84186.96,84218.01,84186.96,84218.01,9.28407,0,0,0,0,0,0,31.04999999998836,1,9.28407,0,9.28407,28,28,1791350400000
1791350520,84218,84244.01,84218,84234.74,84218,84244.01,84218,84234.74,15.68917,0,0,0,0,0,0,26.00999999999476,1,4.505886193782014,0,4.505886193782014,29,29,1791350520000
1791350640,84234.75,84234.75,84216.95,84219.49,84234.75,84234.75,84216.95,84219.49,18.532809999999998,0,0,0,0,0,0,17.80000000000291,1,-13.24367096627603,0,-13.24367096627603,30,30,1791350640000
1791350760,84219.49,84234.01,84219.48,84230.28,84219.49,84234.01,84219.48,84230.28,13.36052,0,0,0,0,0,0,14.529999999998836,1,6.500955017212724,0,6.500955017212724,31,31,1791350760000