time,open,high,low,close,volume,size_unicode,get_composed,get_decomposed,decomposed_put_previous,first_key_z,first_value,second_value,third_value,SAMPLE_INDEX,SOURCE_INDEX,SOURCE_TIME,CAPTURE_IS_OPEN_BAR
1791347400,84149.84,84149.84,84094.55,84106,11.99938,3,11,23,,1,7,11,23,0,0,1791347400000,0
1791347520,84106,84106.01,84050,84064.01,13.90131,3,11,23,,1,7,11,23,1,1,1791347520000,0
1791347640,84064,84090.86,84064,84068.39,7.64625,3,11,23,,1,7,11,23,2,2,1791347640000,0
1791347760,84068.39,84144.01,84068.38,84098,14.45186,3,11,23,,1,7,11,23,3,3,1791347760000,0
1791347880,84098,84132.01,84098,84112.02,15.62663,3,11,23,,1,7,11,23,4,4,1791347880000,0
1791348000,84112.01,84112.02,84074.14,84110.41,7.98104,3,11,23,,1,7,11,23,5,5,1791348000000,0
1791348120,84110.41,84118.01,84044,84044.01,19.56364,3,11,23,,1,7,11,23,6,6,1791348120000,0
1791348240,84044.01,84120.09,84044,84110,35.02038,3,11,23,,1,7,11,23,7,7,1791348240000,0
1791348360,84110,84133.95,84110,84133.94,7.42079,3,11,23,,1,7,11,23,8,8,1791348360000,0
1791348480,84133.95,84136.01,84112.12,84135.36,12.45629,3,11,23,,1,7,11,23,9,9,1791348480000,0
1791348600,84135.35,84174.01,84135.35,84163.92,11.83342,3,11,23,,1,7,11,23,10,10,1791348600000,0
1791348720,84163.93,84180.95,84143.23,84143.23,17.16558,3,11,23,,1,7,11,23,11,11,1791348720000,0
1791348840,84143.23,84143.23,84100,84100,25.81208,3,11,23,,1,7,11,23,12,12,1791348840000,0
1791348960,84100.01,84106.94,84086.78,84106.93,9.52226,3,11,23,,1,7,11,23,13,13,1791348960000,0
1791349080,84106.93,84106.94,84097.68,84103.06,4.75529,3,11,23,,1,7,11,23,14,14,1791349080000,0
1791349200,84103.07,84117.53,84103.06,84105.19,10.47898,3,11,23,,1,7,11,23,15,15,1791349200000,0
1791349320,84105.19,84138.16,84105.18,84130.01,13.33656,3,11,23,,1,7,11,23,16,16,1791349320000,0
1791349440,84130,84140.01,84084.47,84140.01,28.7438,3,11,23,,1,7,11,23,17,17,1791349440000,0
1791349560,84140.01,84149.04,84126,84149.04,8.25951,3,11,23,,1,7,11,23,18,18,1791349560000,0
1791349680,84149.03,84200.01,84149.03,84200,9.75256,3,11,23,,1,7,11,23,19,19,1791349680000,0
1791349800,84200.01,84216.86,84190.01,84208.56,20.86357,3,11,23,,1,7,11,23,20,20,1791349800000,0
1791349920,84208.56,84210.5,84160.2,84177.13,19.44016,3,11,23,,1,7,11,23,21,21,1791349920000,0
1791350040,84177.14,84189.72,84171.61,84186,11.68482,3,11,23,,1,7,11,23,22,22,1791350040000,0
1791350160,84186.01,84186.01,84170,84170.01,7.67764,3,11,23,,1,7,11,23,23,23,1791350160000,0
1791350280,84170.01,84186.96,84170,84186.96,8.71994,3,11,23,,1,7,11,23,24,24,1791350280000,0
1791350400,84186.96,84218.01,84186.96,84218.01,9.28407,3,11,23,,1,7,11,23,25,25,1791350400000,0
1791350520,84218,84244.01,84218,84234.74,15.68917,3,11,23,,1,7,11,23,26,26,1791350520000,0
1791350640,84234.75,84234.75,84216.95,84219.49,18.53281,3,11,23,,1,7,11,23,27,27,1791350640000,0
1791350760,84219.49,84234.01,84219.48,84230.27,14.13515,3,11,23,,1,7,11,23,28,28,1791350760000,0
1791350880,84230.27,84230.28,84194,84194,14.90327,3,11,23,,1,7,11,23,29,29,1791350880000,0
1791351000,84194.01,84240.01,84194,84240,9.62944,3,11,23,,1,7,11,23,30,30,1791351000000,0
1791351120,84240.01,84249.88,84240,84240.21,12.98934,3,11,23,,1,7,11,23,31,31,1791351120000,1
