time,open,high,low,close,CONSUMER,TARGET_LENGTH,TARGET_EQUAL,TARGET_NA,INDEX,CONTROL_CLOSE
1791315480,85505.17,85525,85493.61,85525,2,2,1,0,21469,85525
1791315600,85525,85553.76,85523.08,85523.37,2,2,1,0,21470,85523.37
1791315720,85523.38,85523.38,85500,85500.01,2,2,1,0,21471,85500.01
1791315840,85500.01,85534.01,85489.93,85534,2,2,1,0,21472,85534
1791315960,85534.01,85666.01,85534.01,85666.01,2,2,1,0,21473,85666.01
1791316080,85666.01,85682.95,85595.1,85604.72,2,2,1,0,21474,85604.72
1791316200,85604.72,85618.01,85579.12,85585.2,2,2,1,0,21475,85585.2
1791316320,85585.21,85585.21,85563.89,85563.89,2,2,1,0,21476,85563.89
1791316440,85563.89,85596.02,85563.89,85596.02,2,2,1,0,21477,85596.02
1791316560,85596.02,85597.3,85596.01,85597.29,2,2,1,0,21478,85597.29
1791316680,85597.3,85640.01,85597.29,85614,2,2,1,0,21479,85614
1791316800,85614,85626.32,85604.08,85604.09,2,2,1,0,21480,85604.09
1791316920,85604.09,85610.83,85580,85594.01,2,2,1,0,21481,85594.01
1791317040,85594.01,85617.48,85594,85614.03,2,2,1,0,21482,85614.03
1791317160,85614.02,85624.01,85606.22,85606.23,2,2,1,0,21483,85606.23
1791317280,85606.22,85606.23,85605,85605,2,2,1,0,21484,85605
1791317400,85605,85605.01,85580.55,85580.55,2,2,1,0,21485,85580.55
1791317520,85580.56,85592.01,85580.55,85592,2,2,1,0,21486,85592
1791317640,85592.01,85650.01,85592.01,85650,2,2,1,0,21487,85650
1791317760,85650.01,85656.01,85648.04,85650.01,2,2,1,0,21488,85650.01
1791317880,85650.01,85650.01,85636.91,85640,2,2,1,0,21489,85640
1791318000,85640,85668.01,85640,85668,2,2,1,0,21490,85668
1791318120,85668,85668,85610,85611.94,2,2,1,0,21491,85611.94
1791318240,85611.94,85633.76,85603.02,85633.76,2,2,1,0,21492,85633.76
1791318360,85633.75,85633.76,85620,85620.01,2,2,1,0,21493,85620.01
1791318480,85620.01,85620.01,85606.53,85606.53,2,2,1,0,21494,85606.53
1791318600,85606.54,85630.01,85606.53,85630,2,2,1,0,21495,85630
1791318720,85630.01,85636.02,85630,85636.01,2,2,1,0,21496,85636.01
1791318840,85636.02,85636.02,85630.33,85630.34,2,2,1,0,21497,85630.34
1791318960,85630.34,85630.34,85624,85624.01,2,2,1,0,21498,85624.01
1791319080,85624,85652.56,85610,85652.56,2,2,1,0,21499,85652.56
1791319200,85652.56,85665.5,85644.42,85644.42,2,2,1,0,21500,85644.42
1791319320,85644.42,85644.43,85632.81,85632.81,2,2,1,0,21501,85632.81
1791319440,85632.81,85644.43,85623.85,85644.42,2,2,1,0,21502,85644.42
1791319560,85644.43,85652.24,85644.43,85648.19,2,2,1,0,21503,85648.19
1791319680,85648.2,85665.41,85624.8,85624.81,2,2,1,0,21504,85624.81
1791319800,85624.81,85626.55,85624.8,85626.54,2,2,1,0,21505,85626.54
1791319920,85626.54,85636.92,85626,85626.01,2,2,1,0,21506,85626.01
1791320040,85626.01,85626.01,85626,85626.01,2,2,1,0,21507,85626.01
1791320160,85626.01,85626.01,85605,85605.01,2,2,1,0,21508,85605.01
1791320280,85605.01,85611.42,85604.03,85611.41,2,2,1,0,21509,85611.41
1791320400,85611.42,85621.49,85606.96,85606.96,2,2,1,0,21510,85606.96
1791320520,85606.96,85606.99,85536.01,85536.01,2,2,1,0,21511,85536.01
1791320640,85536.02,85575.02,85522.82,85575.01,2,2,1,0,21512,85575.01
1791320760,85575.02,85585.02,85575.01,85585.02,2,2,1,0,21513,85585.02
1791320880,85585.01,85587.81,85552.18,85552.19,2,2,1,0,21514,85552.19
1791321000,85552.18,85552.19,85522.59,85534.69,2,2,1,0,21515,85534.69
1791321120,85534.69,85561.8,85534.69,85561.8,2,2,1,0,21516,85561.8
1791321240,85561.79,85561.8,85561.79,85561.8,2,2,1,0,21517,85561.8
1791321360,85561.8,85570.01,85556.36,85556.37,2,2,1,0,21518,85556.37
1791321480,85556.36,85556.37,85502.45,85502.46,2,2,1,0,21519,85502.46
1791321600,85502.46,85531.51,85495.01,85531.5,2,2,1,0,21520,85531.5
1791321720,85531.5,85542.01,85531.5,85542.01,2,2,1,0,21521,85542.01
1791321840,85542.01,85575.35,85542,85564,2,2,1,0,21522,85564
1791321960,85564,85564.01,85558.31,85558.32,2,2,1,0,21523,85558.32
1791322080,85558.32,85580.01,85558.32,85580.01,2,2,1,0,21524,85580.01
1791322200,85580,85592.01,85575.34,85592,2,2,1,0,21525,85592
1791322320,85592,85605.79,85592,85605.79,2,2,1,0,21526,85605.79
1791322440,85605.78,85610,85605.78,85610,2,2,1,0,21527,85610
1791322560,85609.99,85610,85609.99,85609.99,2,2,1,0,21528,85609.99
1791322680,85609.99,85610,85582.81,85609.99,2,2,1,0,21529,85609.99
1791322800,85610,85610,85598.68,85598.69,2,2,1,0,21530,85598.69
1791322920,85598.69,85598.69,85592,85595.97,2,2,1,0,21531,85595.97
1791323040,85595.96,85595.97,85584.88,85584.88,2,2,1,0,21532,85584.88
1791323160,85584.89,85590.7,85584.88,85590.7,2,2,1,0,21533,85590.7
1791323280,85590.7,85590.7,85590.69,85590.69,2,2,1,0,21534,85590.69
1791323400,85590.7,85590.7,85582,85582,2,2,1,0,21535,85582
1791323520,85582.01,85582.01,85578.75,85579.46,2,2,1,0,21536,85579.46
1791323640,85579.47,85579.47,85548.06,85548.79,2,2,1,0,21537,85548.79
1791323760,85548.78,85590.01,85548.78,85590.01,2,2,1,0,21538,85590.01
1791323880,85590.01,85612.01,85590.01,85610,2,2,1,0,21539,85610
1791324000,85609.99,85610,85592,85592.01,2,2,1,0,21540,85592.01
1791324120,85592.01,85636.92,85582,85636.92,2,2,1,0,21541,85636.92
1791324240,85636.91,85644.01,85620.79,85626.55,2,2,1,0,21542,85626.55
1791324360,85626.54,85626.55,85626.54,85626.55,2,2,1,0,21543,85626.55
1791324480,85626.54,85657.01,85626.54,85657.01,2,2,1,0,21544,85657.01
1791324600,85657,85657,85621.01,85621.01,2,2,1,0,21545,85621.01
1791324720,85621.01,85621.02,85592.06,85592.06,2,2,1,0,21546,85592.06
1791324840,85592.06,85592.07,85561.72,85561.72,2,2,1,0,21547,85561.72
1791324960,85561.73,85561.73,85553.92,85554.01,2,2,1,0,21548,85554.01
1791325080,85554,85593.25,85554,85593.24,2,2,1,0,21549,85593.24
1791325200,85593.24,85615.37,85593.24,85604,2,2,1,0,21550,85604
1791325320,85604.01,85613.95,85582.93,85588.01,2,2,1,0,21551,85588.01
1791325440,85588.01,85588.01,85538,85538.01,2,2,1,0,21552,85538.01
1791325560,85538.01,85545.4,85530.55,85540.01,2,2,1,0,21553,85540.01
1791325680,85540.01,85540.01,85488.71,85488.71,2,2,1,0,21554,85488.71
1791325800,85488.72,85507.93,85469.65,85507.92,2,2,1,0,21555,85507.92
1791325920,85507.93,85523.08,85504,85523.07,2,2,1,0,21556,85523.07
1791326040,85523.07,85536.01,85523.07,85528.19,2,2,1,0,21557,85528.19
1791326160,85528.18,85528.2,85528.18,85528.19,2,2,1,0,21558,85528.19
1791326280,85528.2,85528.2,85528.19,85528.2,2,2,1,0,21559,85528.2
1791326400,85528.2,85551.99,85528.19,85551.99,2,2,1,0,21560,85551.99
1791326520,85551.99,85551.99,85551.98,85551.99,2,2,1,0,21561,85551.99
1791326640,85551.98,85569.63,85551.98,85569.63,2,2,1,0,21562,85569.63
1791326760,85569.62,85585.07,85569.62,85585.06,2,2,1,0,21563,85585.06
1791326880,85585.07,85585.07,85585.06,85585.07,2,2,1,0,21564,85585.07
1791327000,85585.07,85585.07,85581.44,85581.44,2,2,1,0,21565,85581.44
1791327120,85581.45,85581.45,85551.98,85551.98,2,2,1,0,21566,85551.98
1791327240,85551.99,85551.99,85551.98,85551.99,2,2,1,0,21567,85551.99
1791327360,85551.98,85551.99,85551.98,85551.98,2,2,1,0,21568,85551.98
1791327480,85551.99,85551.99,85534.53,85534.53,2,2,1,0,21569,85534.53
1791327600,85534.53,85550.01,85530.01,85550.01,2,2,1,0,21570,85550.01
1791327720,85550,85551.16,85528.26,85528.27,2,2,1,0,21571,85528.27
1791327840,85528.27,85528.27,85504.74,85504.75,2,2,1,0,21572,85504.75
1791327960,85504.74,85504.75,85500,85500,2,2,1,0,21573,85500
1791328080,85500,85504.01,85500,85504,2,2,1,0,21574,85504
1791328200,85504.01,85525.99,85504.01,85525.99,2,2,1,0,21575,85525.99
1791328320,85525.99,85533.91,85525.98,85533.91,2,2,1,0,21576,85533.91
1791328440,85533.9,85533.9,85497.86,85497.87,2,2,1,0,21577,85497.87
1791328560,85497.87,85497.87,85456,85472.15,2,2,1,0,21578,85472.15
1791328680,85472.16,85484.89,85472.15,85477.95,2,2,1,0,21579,85477.95
1791328800,85477.96,85519.48,85477.95,85519.48,2,2,1,0,21580,85519.48
1791328920,85519.48,85521.86,85519.47,85521.86,2,2,1,0,21581,85521.86
1791329040,85521.86,85531.49,85521.85,85531.48,2,2,1,0,21582,85531.48
1791329160,85531.48,85535.67,85531.48,85535.66,2,2,1,0,21583,85535.66
1791329280,85535.67,85535.67,85447.55,85498.7,2,2,1,0,21584,85498.7
1791329400,85498.69,85505.07,85444,85444,2,2,1,0,21585,85444
1791329520,85444.01,85444.01,85346.77,85392.8,2,2,1,0,21586,85392.8
1791329640,85392.8,85424.01,85362,85424.01,2,2,1,0,21587,85424.01
1791329760,85424.01,85482.2,85424,85482.2,2,2,1,0,21588,85482.2
1791329880,85482.2,85503.11,85482.2,85503.11,2,2,1,0,21589,85503.11
1791330000,85503.1,85538.01,85503.1,85538,2,2,1,0,21590,85538
1791330120,85538.01,85554.01,85536.63,85554,2,2,1,0,21591,85554
1791330240,85554.01,85581.45,85554,85581.44,2,2,1,0,21592,85581.44
1791330360,85581.45,85608.01,85581.45,85594.06,2,2,1,0,21593,85594.06
1791330480,85594.05,85598.01,85583.4,85598,2,2,1,0,21594,85598
1791330600,85598.01,85619.21,85598,85612,2,2,1,0,21595,85612
1791330720,85612,85612.4,85593.29,85593.3,2,2,1,0,21596,85593.3
1791330840,85593.29,85593.29,85580,85582.55,2,2,1,0,21597,85582.55
1791330960,85582.54,85582.55,85577.47,85577.48,2,2,1,0,21598,85577.48
1791331080,85577.47,85577.48,85549.93,85549.93,2,2,1,0,21599,85549.93
1791331200,85549.94,85549.94,85540.8,85540.8,2,2,1,0,21600,85540.8
1791331320,85540.8,85540.8,85515.01,85515.01,2,2,1,0,21601,85515.01
1791331440,85515.01,85515.01,85494,85494,2,2,1,0,21602,85494
1791331560,85494,85494.01,85471.54,85490,2,2,1,0,21603,85490
1791331680,85490.01,85554.55,85490,85553.38,2,2,1,0,21604,85553.38
1791331800,85553.38,85594.01,85553.38,85582.64,2,2,1,0,21605,85582.64
1791331920,85582.63,85598.22,85574,85576,2,2,1,0,21606,85576
1791332040,85576.01,85576.01,85576,85576.01,2,2,1,0,21607,85576.01
1791332160,85576,85588.01,85564.01,85564.23,2,2,1,0,21608,85564.23
1791332280,85564.23,85566.25,85548.01,85548.02,2,2,1,0,21609,85548.02
1791332400,85548.02,85548.02,85475.78,85475.78,2,2,1,0,21610,85475.78
1791332520,85475.79,85496.01,85466.01,85470.01,2,2,1,0,21611,85470.01
1791332640,85470,85470.01,85464.92,85464.93,2,2,1,0,21612,85464.93
1791332760,85464.92,85464.93,85450.16,85450.17,2,2,1,0,21613,85450.17
1791332880,85450.17,85450.17,85414.01,85414.02,2,2,1,0,21614,85414.02
1791333000,85414.02,85423.13,85400,85423.13,2,2,1,0,21615,85423.13
1791333120,85423.13,85454.86,85423.12,85452.86,2,2,1,0,21616,85452.86
1791333240,85452.86,85490.01,85447.11,85490,2,2,1,0,21617,85490
1791333360,85490.01,85572.92,85490.01,85564.36,2,2,1,0,21618,85564.36
1791333480,85564.35,85564.36,85488,85488.01,2,2,1,0,21619,85488.01
1791333600,85488,85500.01,85482,85500.01,2,2,1,0,21620,85500.01
1791333720,85500,85512.01,85500,85512,2,2,1,0,21621,85512
1791333840,85512.01,85537.22,85512,85523.94,2,2,1,0,21622,85523.94
1791333960,85523.94,85523.94,85500.57,85500.58,2,2,1,0,21623,85500.58
1791334080,85500.57,85542.01,85500.57,85542.01,2,2,1,0,21624,85542.01
1791334200,85542,85546.01,85542,85546,2,2,1,0,21625,85546
1791334320,85546.01,85549.89,85516.01,85530.01,2,2,1,0,21626,85530.01
1791334440,85530,85543.3,85520.82,85530.67,2,2,1,0,21627,85530.67
1791334560,85530.67,85546.77,85519.66,85546.77,2,2,1,0,21628,85546.77
1791334680,85546.77,85566.61,85540,85540.01,2,2,1,0,21629,85540.01
1791334800,85540,85540.01,85456.45,85456.46,2,2,1,0,21630,85456.46
1791334920,85456.45,85479.12,85450.01,85464.01,2,2,1,0,21631,85464.01
1791335040,85464.01,85475.79,85441.2,85452.2,2,2,1,0,21632,85452.2
1791335160,85452.2,85496.01,85448,85481.48,2,2,1,0,21633,85481.48
1791335280,85481.49,85481.49,85474.88,85474.89,2,2,1,0,21634,85474.89
1791335400,85474.88,85480.07,85436,85436,2,2,1,0,21635,85436
1791335520,85436.01,85436.01,85414,85428.92,2,2,1,0,21636,85428.92
1791335640,85428.92,85461.67,85410,85436.34,2,2,1,0,21637,85436.34
1791335760,85436.34,85445.26,85400,85418,2,2,1,0,21638,85418
1791335880,85418,85418,85372,85372.01,2,2,1,0,21639,85372.01
1791336000,85372.01,85394.01,85368,85368.01,2,2,1,0,21640,85368.01
1791336120,85368.01,85371.98,85312.96,85326.36,2,2,1,0,21641,85326.36
1791336240,85326.36,85349.18,85307.02,85320.99,2,2,1,0,21642,85320.99
1791336360,85320.99,85330,85301.38,85301.39,2,2,1,0,21643,85301.39
1791336480,85301.38,85301.39,85261.18,85267.49,2,2,1,0,21644,85267.49
1791336600,85267.49,85338.61,85235.29,85336.16,2,2,1,0,21645,85336.16
1791336720,85336.16,85336.16,85304.83,85316.78,2,2,1,0,21646,85316.78
1791336840,85316.78,85326.79,85209.06,85209.07,2,2,1,0,21647,85209.07
1791336960,85209.07,85209.1,85189,85189.01,2,2,1,0,21648,85189.01
1791337080,85189.01,85247.68,85189,85247.67,2,2,1,0,21649,85247.67
1791337200,85247.68,85307.66,85233.2,85307.66,2,2,1,0,21650,85307.66
1791337320,85307.66,85307.66,85272.32,85272.32,2,2,1,0,21651,85272.32
1791337440,85272.32,85341.81,85270.32,85332.91,2,2,1,0,21652,85332.91
1791337560,85332.9,85336.49,85279.63,85292.02,2,2,1,0,21653,85292.02
1791337680,85292.02,85311.29,85292.02,85311.29,2,2,1,0,21654,85311.29
1791337800,85311.29,85311.29,85267.5,85267.5,2,2,1,0,21655,85267.5
1791337920,85267.5,85267.51,85150,85151.37,2,2,1,0,21656,85151.37
1791338040,85151.37,85160,85000,85088.01,2,2,1,0,21657,85088.01
1791338160,85088,85088.01,84774.85,84812.52,2,2,1,0,21658,84812.52
1791338280,84812.52,84812.53,84372,84391.56,2,2,1,0,21659,84391.56
1791338400,84391.49,84533.27,83615,83884.81,2,2,1,0,21660,83884.81
1791338520,83885.83,84227.42,83653.16,83778.24,2,2,1,0,21661,83778.24
1791338640,83778.24,83910.63,83616,83845.83,2,2,1,0,21662,83845.83
1791338760,83845.83,83878.13,83577,83845.45,2,2,1,0,21663,83845.45
1791338880,83845.45,84049.62,83845.45,83939.05,2,2,1,0,21664,83939.05
1791339000,83939.05,84103.45,83930,84022.51,2,2,1,0,21665,84022.51
1791339120,84022.5,84039.3,83917.46,83942.53,2,2,1,0,21666,83942.53
1791339240,83942.53,83993.55,83900,83904.07,2,2,1,0,21667,83904.07
1791339360,83904.06,84036.13,83900,84036.13,2,2,1,0,21668,84036.13
1791339480,84036.13,84095.93,84019.12,84080.56,2,2,1,0,21669,84080.56
1791339600,84080.57,84097.69,84036.12,84047.77,2,2,1,0,21670,84047.77
1791339720,84047.77,84072.52,83818.45,83853.69,2,2,1,0,21671,83853.69
1791339840,83853.68,83879.18,83818.45,83828.61,2,2,1,0,21672,83828.61
1791339960,83828.6,83828.6,83713.6,83769.31,2,2,1,0,21673,83769.31
1791340080,83769.3,83867.97,83735.77,83857.12,2,2,1,0,21674,83857.12
1791340200,83857.12,83934.81,83827.77,83897.25,2,2,1,0,21675,83897.25
1791340320,83897.26,83912.98,83840,83912.98,2,2,1,0,21676,83912.98
1791340440,83912.98,83999.22,83884.88,83968.86,2,2,1,0,21677,83968.86
1791340560,83968.86,83989.07,83857.2,83857.21,2,2,1,0,21678,83857.21
1791340680,83857.22,83922.54,83857.21,83872.86,2,2,1,0,21679,83872.86
1791340800,83872.86,83872.87,83840,83840,2,2,1,0,21680,83840
1791340920,83840.01,83848,83802.49,83809.21,2,2,1,0,21681,83809.21
1791341040,83809.21,83911.53,83800,83911.53,2,2,1,0,21682,83911.53
1791341160,83911.53,83940.52,83824.35,83875,2,2,1,0,21683,83875
1791341280,83875.01,83906.4,83858,83887.17,2,2,1,0,21684,83887.17
1791341400,83887.16,83923.91,83865.53,83870.66,2,2,1,0,21685,83870.66
1791341520,83870.67,83884.75,83832,83832.01,2,2,1,0,21686,83832.01
1791341640,83832,83883.34,83829.05,83866,2,2,1,0,21687,83866
1791341760,83866,83879.6,83838,83851.42,2,2,1,0,21688,83851.42
1791341880,83851.41,83890.43,83851.41,83868.41,2,2,1,0,21689,83868.41
1791342000,83868.41,83959.52,83868.4,83957,2,2,1,0,21690,83957
1791342120,83957,84087.17,83956.99,84084.47,2,2,1,0,21691,84084.47
1791342240,84084.46,84089.73,84004.01,84048.01,2,2,1,0,21692,84048.01
1791342360,84048.01,84097.69,84048.01,84097.68,2,2,1,0,21693,84097.68
1791342480,84097.68,84112.03,84078,84091.59,2,2,1,0,21694,84091.59
1791342600,84091.6,84091.6,84052,84059.23,2,2,1,0,21695,84059.23
1791342720,84059.23,84059.24,83979.68,83988.01,2,2,1,0,21696,83988.01
1791342840,83988.01,83988.02,83948.01,83974.56,2,2,1,0,21697,83974.56
1791342960,83974.55,84072.01,83974.55,84072,2,2,1,0,21698,84072
1791343080,84072,84118.03,84072,84100,2,2,1,0,21699,84100
1791343200,84100.01,84100.01,84001,84011.36,2,2,1,0,21700,84011.36
1791343320,84011.35,84016.01,83988,84016,2,2,1,0,21701,84016
1791343440,84016.01,84076.01,84016,84076.01,2,2,1,0,21702,84076.01
1791343560,84076.01,84076.01,84012.2,84012.2,2,2,1,0,21703,84012.2
1791343680,84012.21,84033.47,83975.89,83975.9,2,2,1,0,21704,83975.9
1791343800,83975.89,84022.01,83975.89,84022.01,2,2,1,0,21705,84022.01
1791343920,84022.01,84066.5,84022,84066.5,2,2,1,0,21706,84066.5
1791344040,84066.49,84085.72,84066.49,84076.01,2,2,1,0,21707,84076.01
1791344160,84076,84133.22,84076,84128.26,2,2,1,0,21708,84128.26
1791344280,84128.25,84138.71,84112,84137.73,2,2,1,0,21709,84137.73
1791344400,84137.73,84147.27,84130.39,84136.46,2,2,1,0,21710,84136.46
1791344520,84136.47,84159.26,84136.46,84159.25,2,2,1,0,21711,84159.25
1791344640,84159.25,84168.93,84137.53,84168.31,2,2,1,0,21712,84168.31
1791344760,84168.32,84186.1,84156,84186.1,2,2,1,0,21713,84186.1
1791344880,84186.1,84249.88,84181.77,84236.01,2,2,1,0,21714,84236.01
1791345000,84236.01,84236.02,84200.21,84209.28,2,2,1,0,21715,84209.28
1791345120,84209.27,84240.01,84209.27,84232.01,2,2,1,0,21716,84232.01
1791345240,84232.01,84232.02,84200.22,84215.13,2,2,1,0,21717,84215.13
1791345360,84215.13,84219.85,84170,84170.01,2,2,1,0,21718,84170.01
1791345480,84170,84170.01,84130.03,84150.39,2,2,1,0,21719,84150.39
1791345600,84150.39,84194.62,84142,84191.37,2,2,1,0,21720,84191.37
1791345720,84191.37,84219.68,84178,84212.01,2,2,1,0,21721,84212.01
1791345840,84212.01,84219.67,84153,84153,2,2,1,0,21722,84153
1791345960,84153,84160.01,84110.02,84110.03,2,2,1,0,21723,84110.03
1791346080,84110.03,84148.14,84100,84148.13,2,2,1,0,21724,84148.13
1791346200,84148.14,84148.14,84146.78,84146.78,2,2,1,0,21725,84146.78
1791346320,84146.78,84148.99,84138,84147.51,2,2,1,0,21726,84147.51
1791346440,84147.51,84150.01,84138.01,84138.01,2,2,1,0,21727,84138.01
1791346560,84138.01,84138.02,84069.36,84106.72,2,2,1,0,21728,84106.72
1791346680,84106.72,84108.27,84066.96,84097.7,2,2,1,0,21729,84097.7
1791346800,84097.69,84119.3,84050.02,84112,2,2,1,0,21730,84112
1791346920,84112,84116.01,84090.01,84116,2,2,1,0,21731,84116
1791347040,84116.01,84158.76,84097.68,84158.75,2,2,1,0,21732,84158.75
1791347160,84158.75,84174.01,84140,84150.01,2,2,1,0,21733,84150.01
1791347280,84150,84171.69,84138,84149.83,2,2,1,0,21734,84149.83
1791347400,84149.84,84149.84,84094.55,84106,2,2,1,0,21735,84106
1791347520,84106,84106.01,84050,84064.01,2,2,1,0,21736,84064.01
1791347640,84064,84090.86,84064,84068.39,2,2,1,0,21737,84068.39
1791347760,84068.39,84144.01,84068.38,84098,2,2,1,0,21738,84098
1791347880,84098,84132.01,84098,84112.02,2,2,1,0,21739,84112.02
1791348000,84112.01,84112.02,84074.14,84110.41,2,2,1,0,21740,84110.41
1791348120,84110.41,84118.01,84044,84044.01,2,2,1,0,21741,84044.01
1791348240,84044.01,84120.09,84044,84110,2,2,1,0,21742,84110
1791348360,84110,84133.95,84110,84133.94,2,2,1,0,21743,84133.94
1791348480,84133.95,84136.01,84112.12,84135.36,2,2,1,0,21744,84135.36
1791348600,84135.35,84174.01,84135.35,84163.92,2,2,1,0,21745,84163.92
1791348720,84163.93,84180.95,84143.23,84143.23,2,2,1,0,21746,84143.23
1791348840,84143.23,84143.23,84100,84100,2,2,1,0,21747,84100
1791348960,84100.01,84106.94,84086.78,84106.93,2,2,1,0,21748,84106.93
1791349080,84106.93,84106.94,84097.68,84103.06,2,2,1,0,21749,84103.06
1791349200,84103.07,84117.53,84103.06,84105.19,2,2,1,0,21750,84105.19
1791349320,84105.19,84138.16,84105.18,84130.01,2,2,1,0,21751,84130.01
1791349440,84130,84140.01,84084.47,84140.01,2,2,1,0,21752,84140.01
1791349560,84140.01,84149.04,84126,84149.04,2,2,1,0,21753,84149.04
1791349680,84149.03,84200.01,84149.03,84200,2,2,1,0,21754,84200
1791349800,84200.01,84216.86,84190.01,84208.56,2,2,1,0,21755,84208.56
1791349920,84208.56,84210.5,84160.2,84177.13,2,2,1,0,21756,84177.13
1791350040,84177.14,84189.72,84171.61,84186,2,2,1,0,21757,84186
1791350160,84186.01,84186.01,84170,84170.01,2,2,1,0,21758,84170.01
1791350280,84170.01,84186.96,84170,84186.96,2,2,1,0,21759,84186.96
1791350400,84186.96,84218.01,84186.96,84218.01,2,2,1,0,21760,84218.01
1791350520,84218,84244.01,84218,84234.74,2,2,1,0,21761,84234.74
1791350640,84234.75,84234.75,84216.95,84219.49,2,2,1,0,21762,84219.49
1791350760,84219.49,84234.01,84219.48,84230.27,2,2,1,0,21763,84230.27
1791350880,84230.27,84230.28,84194,84194,2,2,1,0,21764,84194
1791351000,84194.01,84240.01,84194,84240,2,2,1,0,21765,84240
1791351120,84240.01,84249.88,84240,84240.22,2,2,1,0,21766,84240.22
1791351240,84240.22,84240.22,84214.71,84220.05,2,2,1,0,21767,84220.05
1791351360,84220.05,84220.05,84176.14,84186.01,2,2,1,0,21768,84186.01
1791351480,84186,84198.01,84186,84198,2,2,1,0,21769,84198
1791351600,84198.01,84242.01,84198,84242,2,2,1,0,21770,84242
1791351720,84242,84242.01,84212,84212,2,2,1,0,21771,84212
1791351840,84212,84233.68,84212,84228.68,2,2,1,0,21772,84228.68
1791351960,84228.69,84243.48,84228.68,84243.47,2,2,1,0,21773,84243.47