time,open,high,low,close,volume,WPR_3,WPR_3_NA,WPR_3_NZ_SENTINEL,OHLC_MISSING,RECOVERY_AFTER_MISSING,INPUT_OPEN,INPUT_HIGH,INPUT_LOW,INPUT_CLOSE,INPUT_VOLUME,HIGH_NA,LOW_NA,CLOSE_NA,SAMPLE_INDEX,SOURCE_INDEX,SOURCE_TIME,CAPTURE_IS_OPEN_BAR
1791346680,84106.72,84108.27,84066.96,84097.7,14.06332,,1,123456,0,0,84106.72,84108.27,84066.96,84097.7,14.06332,0,0,0,0,0,1791346680000,0
1791346800,84097.69,84119.3,84050.02,84112,17.82428,,1,123456,0,0,84097.69,84119.3,84050.02,84112,17.82428,0,0,0,1,1,1791346800000,0
1791346920,84112,84116.01,84090.01,84116,11.10668,-4.763279445731763,0,-4.763279445731763,0,0,84112,84116.01,84090.01,84116,11.10668,0,0,0,2,2,1791346920000,0
1791347040,84116.01,84158.76,84097.68,84158.75,19.29179,-0.009196247926027374,0,-0.009196247926027374,0,0,84116.01,84158.76,84097.68,84158.75,19.29179,0,0,0,3,3,1791347040000,0
1791347160,84158.75,84174.01,84140,84150.01,12.55068,-28.571428571428573,0,-28.571428571428573,0,0,84158.75,84174.01,84140,84150.01,12.55068,0,0,0,4,4,1791347160000,0
1791347280,84150,84171.69,84138,84149.83,10.78091,-31.678239224410405,0,-31.678239224410405,0,0,84150,84171.69,84138,84149.83,10.78091,0,0,0,5,5,1791347280000,0
1791347400,84149.84,84149.84,84094.55,84106,11.99938,-85.59023408004245,0,-85.59023408004245,0,0,84149.84,84149.84,84094.55,84106,11.99938,0,0,0,6,6,1791347400000,0
1791347520,84106,84106.01,84050,84064.01,13.90131,-88.48713945271223,0,-88.48713945271223,0,0,84106,84106.01,84050,84064.01,13.90131,0,0,0,7,7,1791347520000,0
1791347640,84064,84090.86,84064,84068.39,7.64625,-81.58052884615378,0,-81.58052884615378,0,0,84064,84090.86,84064,84068.39,7.64625,0,0,0,8,8,1791347640000,0
1791347760,84068.39,84144.01,84068.38,84098,14.45186,-48.94160195723575,0,-48.94160195723575,0,0,84068.39,84144.01,84068.38,84098,14.45186,0,0,0,9,9,1791347760000,0
1791347880,84098,84132.01,84098,84112.02,15.62663,-39.98250218721758,0,-39.98250218721758,0,0,84098,84132.01,84098,84112.02,15.62663,0,0,0,10,10,1791347880000,0
1791348000,84112.01,84112.02,84074.14,84110.41,7.98104,-44.426814756043456,0,-44.426814756043456,0,0,84112.01,84112.02,84074.14,84110.41,7.98104,0,0,0,11,11,1791348000000,0
1791348120,84110.41,84118.01,84044,84044.01,19.56364,-99.98863765481791,0,-99.98863765481791,0,0,84110.41,84118.01,84044,84044.01,19.56364,0,0,0,12,12,1791348120000,0
1791348240,84044.01,84120.09,84044,84110,35.02038,-13.26061243264157,0,-13.26061243264157,0,0,84044.01,84120.09,84044,84110,35.02038,0,0,0,13,13,1791348240000,0
1791348360,84110,84133.95,84110,84133.94,7.42079,-0.01111728737605518,0,-0.01111728737605518,0,0,84110,84133.95,84110,84133.94,7.42079,0,0,0,14,14,1791348360000,0
1791348480,84133.95,84136.01,84112.12,84135.36,12.45629,-0.7064449516294058,0,-0.7064449516294058,0,0,84133.95,84136.01,84112.12,84135.36,12.45629,0,0,0,15,15,1791348480000,0
1791348600,84135.35,84174.01,84135.35,84163.92,11.83342,-15.763162005932406,0,-15.763162005932406,0,0,84135.35,84174.01,84135.35,84163.92,11.83342,0,0,0,16,16,1791348600000,0
1791348720,84163.93,84180.95,84143.23,84143.23,17.16558,-54.80168531163767,0,-54.80168531163767,0,0,84163.93,84180.95,84143.23,84143.23,17.16558,0,0,0,17,17,1791348720000,0
1791348840,84143.23,84143.23,84100,84100,25.81208,-100,0,-100,0,0,84143.23,84143.23,84100,84100,25.81208,0,0,0,18,18,1791348840000,0
1791348960,84100.01,84106.94,84086.78,84106.93,9.52226,-78.6025273441706,0,-78.6025273441706,0,0,84100.01,84106.94,84086.78,84106.93,9.52226,0,0,0,19,19,1791348960000,0
1791349080,84106.93,84106.94,84097.68,84103.06,4.75529,-71.1603188662539,0,-71.1603188662539,0,0,84106.93,84106.94,84097.68,84103.06,4.75529,0,0,0,20,20,1791349080000,0
1791349200,84103.07,84117.53,84103.06,84105.19,10.47898,-40.13008130080165,0,-40.13008130080165,0,0,84103.07,84117.53,84103.06,84105.19,10.47898,0,0,0,21,21,1791349200000,0
1791349320,84105.19,84138.16,84105.18,84130.01,13.33656,-20.133399209502524,0,-20.133399209502524,0,0,84105.19,84138.16,84105.18,84130.01,13.33656,0,0,0,22,22,1791349320000,0
1791349440,84130,84140.01,84084.47,84140.01,28.7438,0,0,0,0,0,84130,84140.01,84084.47,84140.01,28.7438,0,0,0,23,23,1791349440000,0
1791349560,84140.01,84149.04,84126,84149.04,8.25951,0,0,0,0,0,84140.01,84149.04,84126,84149.04,8.25951,0,0,0,24,24,1791349560000,0
1791349680,84149.03,84200.01,84149.03,84200,9.75256,-0.008655011246981014,0,-0.008655011246981014,0,0,84149.03,84200.01,84149.03,84200,9.75256,0,0,0,25,25,1791349680000,0
1791349800,84200.01,84216.86,84190.01,84208.56,20.86357,-9.134932863749567,0,-9.134932863749567,0,0,84200.01,84216.86,84190.01,84208.56,20.86357,0,0,0,26,26,1791349800000,0
1791349920,84208.56,84210.5,84160.2,84177.13,19.44016,-58.572902845341154,0,-58.572902845341154,0,0,84208.56,84210.5,84160.2,84177.13,19.44016,0,0,0,27,27,1791349920000,0
1791350040,84177.14,84189.72,84171.61,84186,11.68482,-54.465231203668694,0,-54.465231203668694,0,0,84177.14,84189.72,84171.61,84186,11.68482,0,0,0,28,28,1791350040000,0
1791350160,84186.01,84186.01,84170,84170.01,7.67764,-80.4970178926499,0,-80.4970178926499,0,0,84186.01,84186.01,84170,84170.01,7.67764,0,0,0,29,29,1791350160000,0
1791350280,84170.01,84186.96,84170,84186.96,8.71994,-13.995943204840762,0,-13.995943204840762,0,0,84170.01,84186.96,84170,84186.96,8.719940000000001,0,0,0,30,30,1791350280000,0
1791350400,84186.96,84202.6,84186.96,84202.59,1.24331,-0.030674846654329572,0,-0.030674846654329572,0,0,84186.96,84202.6,84186.96,84202.59,1.24331,0,0,0,31,31,1791350400000,1
