time,open,high,low,close,volume,PHASE,INPUT_SOURCE,CLEAN_SOURCE,SOURCE_NA,BUILTIN_RESULT,BUILTIN_RESULT_NA,BUILTIN_RESULT_NZ_SENTINEL,CLEAN_CONTROL,SAMPLE_INDEX,SOURCE_INDEX,SOURCE_TIME,CAPTURE_IS_OPEN_BAR
1791347160,84158.75,84174.01,84140,84150.01,12.55068,0,,2,1,,1,123456,,0,0,1791347160000,0
1791347280,84150,84171.69,84138,84149.83,10.78091,1,,9,1,,1,123456,,1,1,1791347280000,0
1791347400,84149.84,84149.84,84094.55,84106,11.99938,2,,4,1,,1,123456,5.5,2,2,1791347400000,0
1791347520,84106,84106.01,84050,84064.01,13.90131,3,-3,-3,0,,1,123456,5.5,3,3,1791347520000,0
1791347640,84064,84090.86,84064,84068.39,7.64625,4,5,5,0,-0.5999999999999994,0,-0.5999999999999994,4.3,4,4,1791347640000,0
1791347760,84068.39,84144.01,84068.38,84098,14.45186,5,11,11,0,6.800000000000001,0,6.800000000000001,6.800000000000001,5,5,1791347760000,0
1791347880,84098,84132.01,84098,84112.02,15.62663,6,1,1,0,6.800000000000001,0,6.800000000000001,6.800000000000001,6,6,1791347880000,0
1791348000,84112.01,84112.02,84074.14,84110.41,7.98104,7,7,7,0,8.2,0,8.2,8.2,7,7,1791348000000,0
1791348120,84110.41,84118.01,84044,84044.01,19.56364,0,2,2,0,3.5000000000000004,0,3.5000000000000004,3.5000000000000004,8,8,1791348120000,0
1791348240,84044.01,84120.09,84044,84110,35.02038,1,9,9,0,7.6,0,7.6,7.6,9,9,1791348240000,0
1791348360,84110,84133.95,84110,84133.94,7.42079,2,,4,1,,1,123456,5.5,10,10,1791348360000,0
1791348480,84133.95,84136.01,84112.12,84135.36,12.45629,3,-3,-3,0,,1,123456,5.5,11,11,1791348480000,0
1791348600,84135.35,84174.01,84135.35,84163.92,11.83342,4,5,5,0,,1,123456,4.3,12,12,1791348600000,0
1791348720,84163.93,84180.95,84143.23,84143.23,17.16558,5,11,11,0,6.800000000000001,0,6.800000000000001,6.800000000000001,13,13,1791348720000,0
1791348840,84143.23,84143.23,84100,84100,25.81208,6,1,1,0,6.800000000000001,0,6.800000000000001,6.800000000000001,14,14,1791348840000,0
1791348960,84100.01,84106.94,84086.78,84106.93,9.52226,7,7,7,0,8.2,0,8.2,8.2,15,15,1791348960000,0
1791349080,84106.93,84106.94,84097.68,84103.06,4.75529,0,2,2,0,3.5000000000000004,0,3.5000000000000004,3.5000000000000004,16,16,1791349080000,0
1791349200,84103.07,84117.53,84103.06,84105.19,10.47898,1,9,9,0,7.6,0,7.6,7.6,17,17,1791349200000,0
1791349320,84105.19,84138.16,84105.18,84130.01,13.33656,2,,4,1,,1,123456,5.5,18,18,1791349320000,0
1791349440,84130,84140.01,84084.47,84140.01,28.7438,3,-3,-3,0,,1,123456,5.5,19,19,1791349440000,0
1791349560,84140.01,84149.04,84126,84149.04,8.25951,4,5,5,0,,1,123456,4.3,20,20,1791349560000,0
1791349680,84149.03,84200.01,84149.03,84200,9.75256,5,11,11,0,6.800000000000001,0,6.800000000000001,6.800000000000001,21,21,1791349680000,0
1791349800,84200.01,84216.86,84190.01,84208.56,20.86357,6,1,1,0,6.800000000000001,0,6.800000000000001,6.800000000000001,22,22,1791349800000,0
1791349920,84208.56,84210.5,84160.2,84177.13,19.44016,7,7,7,0,8.2,0,8.2,8.2,23,23,1791349920000,0
1791350040,84177.14,84189.72,84171.61,84186,11.68482,0,2,2,0,3.5000000000000004,0,3.5000000000000004,3.5000000000000004,24,24,1791350040000,0
1791350160,84186.01,84186.01,84170,84170.01,7.67764,1,9,9,0,7.6,0,7.6,7.6,25,25,1791350160000,0
1791350280,84170.01,84186.96,84170,84186.96,8.71994,2,,4,1,,1,123456,5.5,26,26,1791350280000,0
1791350400,84186.96,84218.01,84186.96,84218.01,9.28407,3,-3,-3,0,,1,123456,5.5,27,27,1791350400000,0
1791350520,84218,84244.01,84218,84234.74,15.68917,4,5,5,0,,1,123456,4.3,28,28,1791350520000,0
1791350640,84234.75,84234.75,84216.95,84219.49,18.53281,5,11,11,0,6.800000000000001,0,6.800000000000001,6.800000000000001,29,29,1791350640000,0
1791350760,84219.49,84234.01,84219.48,84230.27,14.13515,6,1,1,0,6.800000000000001,0,6.800000000000001,6.800000000000001,30,30,1791350760000,0
1791350880,84230.27,84230.28,84228.42,84228.42,2.50691,7,7,7,0,8.2,0,8.2,8.2,31,31,1791350880000,1
