time,open,high,low,close,volume,INPUT_OPEN,INPUT_HIGH,INPUT_LOW,INPUT_CLOSE,INPUT_VOLUME,HIGH_NA,LOW_NA,CLOSE_NA,OHLC_MISSING,VOLUME_MISSING,FINITE_RECOVERY,INPUT_RANGE,NONFLAT_OHLC_ELIGIBLE,WVAD,WVAD_NA,WVAD_NZ_SENTINEL,SAMPLE_INDEX,SOURCE_INDEX,SOURCE_TIME,CAPTURE_IS_OPEN_BAR
1791347160,84158.75,84174.01,84140,84150.01,12.55068,84158.75,84174.01,84140,84150.01,12.55068,0,0,0,0,0,0,34.00999999999476,1,-3.2253144134102514,0,-3.2253144134102514,0,0,1791347160000,0
1791347280,84150,84171.69,84138,84149.83,10.78091,84150,84171.69,84138,84149.83,10.78091,0,0,0,0,0,0,33.69000000000233,1,-0.05440055506028636,0,-0.05440055506028636,1,1,1791347280000,0
1791347400,84149.84,84149.84,84094.55,84106,11.99938,84149.84,84149.84,84094.55,84106,11.99938,0,0,0,0,0,0,55.2899999999936,1,-9.514429719660319,0,-9.514429719660319,2,2,1791347400000,0
1791347520,84106,84106.01,84050,84064.01,13.90131,84106,84106.01,84050,84064.01,13.90131,0,0,0,0,0,0,56.00999999999476,1,-10.42163911623152,0,-10.42163911623152,3,3,1791347520000,0
1791347640,84064,84090.86,84064,84068.39,7.64625,84064,84090.86,84064,84068.39,7.64625,0,0,0,0,0,0,26.860000000000582,1,1.2497035554726292,0,1.2497035554726292,4,4,1791347640000,0
1791347760,84068.39,84144.01,84068.38,84098,14.45186,84068.39,84144.01,84068.38,84098,14.45186,0,0,0,0,0,0,75.6299999999901,1,5.658066568822748,0,5.658066568822748,5,5,1791347760000,0
1791347880,84098,84132.01,84098,84112.02,15.62663,84098,84132.01,84098,84112.02,15.62663,0,0,0,0,0,0,34.00999999999476,1,6.441792196415684,0,6.441792196415684,6,6,1791347880000,0
1791348000,84112.01,84112.02,84074.14,84110.41,7.98104,84112.01,84112.02,84074.14,84110.41,7.98104,0,0,0,0,0,0,37.88000000000466,1,-0.33710834213117075,0,-0.33710834213117075,7,7,1791348000000,0
1791348120,84110.41,84118.01,84044,84044.01,19.56364,84110.41,84118.01,84044,84044.01,19.56364,0,0,0,0,0,0,74.00999999999476,1,-17.55202940143579,0,-17.55202940143579,8,8,1791348120000,0
1791348240,84044.01,84120.09,84044,84110,35.02038,84044.01,84120.09,84044,84110,35.02038,0,0,0,0,0,0,76.08999999999651,1,30.37186064134958,0,30.37186064134958,9,9,1791348240000,0
1791348360,84110,84133.95,84110,84133.94,7.42079,84110,84133.95,84110,84133.94,7.42079,0,0,0,0,0,0,23.94999999999709,1,7.417691549062166,0,7.417691549062166,10,10,1791348360000,0
1791348480,84133.95,84136.01,84112.12,84135.36,12.45629,84133.95,84136.01,84112.12,84135.36,12.45629,0,0,0,0,0,0,23.889999999999418,1,0.7351765969043085,0,0.7351765969043085,11,11,1791348480000,0
1791348600,84135.35,84174.01,84135.35,84163.92,11.83342,84135.35,84174.01,84135.35,84163.92,11.83342,0,0,0,0,0,0,38.65999999998894,1,8.744976963269716,0,8.744976963269716,12,12,1791348600000,0
1791348720,84163.93,84180.95,84143.23,84143.23,17.16558,84163.93,84180.95,84143.23,84143.23,17.16558,0,0,0,0,0,0,37.720000000001164,1,-9.420135365852042,0,-9.420135365852042,13,13,1791348720000,0
1791348840,84143.23,84143.23,84100,84100,25.81208,84143.23,84143.23,84100,84100,25.81208,0,0,0,0,0,0,43.229999999995925,1,-25.81208,0,-25.81208,14,14,1791348840000,0
1791348960,84100.01,84106.94,84086.78,84106.93,9.52226,84100.01,84106.94,84086.78,84106.93,9.52226,0,0,0,0,0,0,20.160000000003492,1,3.26855353174464,0,3.26855353174464,15,15,1791348960000,0
1791349080,84106.93,84106.94,84097.68,84103.06,4.75529,84106.93,84106.94,84097.68,84103.06,4.75529,0,0,0,0,0,0,9.260000000009313,1,-1.9873620194340547,0,-1.9873620194340547,16,16,1791349080000,0
1791349200,84103.07,84117.53,84103.06,84105.19,10.47898,84103.07,84117.53,84103.06,84105.19,10.47898,0,0,0,0,0,0,14.470000000001164,1,1.535275577052482,0,1.535275577052482,17,17,1791349200000,0
1791349320,84105.19,84138.16,84105.18,84130.01,13.33656,84105.19,84138.16,84105.18,84130.01,13.33656,0,0,0,0,0,0,32.98000000001048,1,10.036792577313339,0,10.036792577313339,18,18,1791349320000,0
1791349440,84130,84140.01,84084.47,84140.01,28.7438,84130,84140.01,84084.47,84140.01,28.7438,0,0,0,0,0,0,55.5399999999936,1,5.1805084263572665,0,5.1805084263572665,19,19,1791349440000,0
1791349560,84140.01,84149.04,84126,84149.04,8.25951,84140.01,84149.04,84126,84149.04,8.25951,0,0,0,0,0,0,23.039999999993597,1,3.237125664062982,0,3.237125664062982,20,20,1791349560000,0
1791349680,84149.03,84200.01,84149.03,84200,9.75256,84149.03,84200.01,84149.03,84200,9.75256,0,0,0,0,0,0,50.979999999995925,1,9.750646983131642,0,9.750646983131642,21,21,1791349680000,0
1791349800,84200.01,84216.86,84190.01,84208.56,20.86357,84200.01,84216.86,84190.01,84208.56,20.86357,0,0,0,0,0,0,26.85000000000582,1,6.643706648045514,0,6.643706648045514,22,22,1791349800000,0
1791349920,84208.56,84210.5,84160.2,84177.13,19.44016,84208.56,84210.5,84160.2,84177.13,19.44016,0,0,0,0,0,0,50.30000000000291,1,-12.147201367789837,0,-12.147201367789837,23,23,1791349920000,0
1791350040,84177.14,84189.72,84171.61,84186,11.68482,84177.14,84189.72,84171.61,84186,11.68482,0,0,0,0,0,0,18.110000000000582,1,5.7165933296523175,0,5.7165933296523175,24,24,1791350040000,0
1791350160,84186.01,84186.01,84170,84170.01,7.67764,84186.01,84186.01,84170,84170.01,7.67764,0,0,0,0,0,0,16.00999999999476,1,-7.672844472207382,0,-7.672844472207382,25,25,1791350160000,0
1791350280,84170.01,84186.96,84170,84186.96,8.71994,84170.01,84186.96,84170,84186.96,8.71994,0,0,0,0,0,0,16.960000000006403,1,8.71479852594609,0,8.71479852594609,26,26,1791350280000,0
1791350400,84186.96,84218.01,84186.96,84218.01,9.28407,84186.96,84218.01,84186.96,84218.01,9.28407,0,0,0,0,0,0,31.04999999998836,1,9.28407,0,9.28407,27,27,1791350400000,0
1791350520,84218,84244.01,84218,84234.74,15.68917,84218,84244.01,84218,84234.74,15.68917,0,0,0,0,0,0,26.00999999999476,1,10.097528096891008,0,10.097528096891008,28,28,1791350520000,0
1791350640,84234.75,84234.75,84216.95,84219.49,18.53281,84234.75,84234.75,84216.95,84219.49,18.53281,0,0,0,0,0,0,17.80000000000291,1,-15.888240483138015,0,-15.888240483138015,29,29,1791350640000,0
1791350760,84219.49,84234.01,84219.48,84230.27,14.13515,84219.49,84234.01,84219.48,84230.27,14.13515,0,0,0,0,0,0,14.529999999998836,1,10.487055540261235,0,10.487055540261235,30,30,1791350760000,0
1791350880,84230.27,84230.28,84228.42,84228.43,0.43751,84230.27,84230.28,84228.42,84228.43,0.43751,0,0,0,0,0,0,1.860000000000582,1,-0.43280559140031544,0,-0.43280559140031544,31,31,1791350880000,1
