time,open,high,low,close,III_BUILTIN,WVAD_BUILTIN,III_NA,WVAD_NA,III_NZ_SENTINEL,WVAD_NZ_SENTINEL,INPUT_RANGE,ELIGIBLE_FLAT_POSITIVE_VOLUME,RECOVERY_AFTER_ELIGIBLE_FLAT,VOLUME_NA,PRICE_NA,FORMULA_ONLY_III,FORMULA_ONLY_WVAD,INPUT_OPEN,INPUT_HIGH,INPUT_LOW,INPUT_CLOSE,INPUT_VOLUME,SAMPLE_INDEX,SOURCE_INDEX,SOURCE_TIME
1791206760,0.00000111,0.00000111,0.00000111,0.00000111,,,,,,,,,,,,,,,,,,,,,
1791207960,0.00000112,0.00000112,0.00000112,0.00000112,,,,,,,,,,,,,,,,,,,,,
1791208080,0.00000112,0.00000112,0.00000112,0.00000112,,,,,,,,,,,,,,,,,,,,,
1791208920,0.00000111,0.00000111,0.00000111,0.00000111,,,,,,,,,,,,,,,,,,,,,
1791210600,0.00000111,0.00000112,0.00000111,0.00000111,,,,,,,,,,,,,,,,,,,,,
1791210840,0.00000111,0.00000111,0.00000111,0.00000111,,,,,,,,,,,,,,,,,,,,,
1791211560,0.00000111,0.00000111,0.00000111,0.00000111,,,,,,,,,,,,,,,,,,,,,
1791212160,0.00000111,0.00000111,0.00000109,0.0000011,,,,,,,,,,,,,,,,,,,,,
1791213240,0.00000111,0.00000111,0.00000111,0.00000111,,,,,,,,,,,,,,,,,,,,,
1791213360,0.00000111,0.00000111,0.00000111,0.00000111,,,,,,,,,,,,,,,,,,,,,
1791213600,0.00000111,0.00000111,0.00000111,0.00000111,,,,,,,,,,,,,,,,,,,,,
1791213960,0.00000111,0.00000111,0.00000111,0.00000111,,,,,,,,,,,,,,,,,,,,,
1791214320,0.0000011,0.0000011,0.0000011,0.0000011,,,,,,,,,,,,,,,,,,,,,
1791214440,0.00000111,0.00000111,0.00000111,0.00000111,,,,,,,,,,,,,,,,,,,,,
1791215160,0.00000111,0.00000111,0.00000111,0.00000111,,,,,,,,,,,,,,,,,,,,,
1791215520,0.00000111,0.00000111,0.00000111,0.00000111,,,,,,,,,,,,,,,,,,,,,
1791215760,0.00000111,0.00000111,0.00000111,0.00000111,,,,,,,,,,,,,,,,,,,,,
1791216480,0.00000111,0.00000111,0.00000111,0.00000111,,,,,,,,,,,,,,,,,,,,,
1791217080,0.00000111,0.00000111,0.00000111,0.00000111,,,,,,,,,,,,,,,,,,,,,
1791217200,0.00000111,0.00000111,0.00000111,0.00000111,,,,,,,,,,,,,,,,,,,,,
1791217320,0.00000111,0.00000111,0.00000111,0.00000111,,,,,,,,,,,,,,,,,,,,,
1791217440,0.00000111,0.00000111,0.00000111,0.00000111,,,,,,,,,,,,,,,,,,,,,
1791217560,0.00000111,0.00000111,0.00000111,0.00000111,,,,,,,,,,,,,,,,,,,,,
1791217680,0.00000111,0.00000111,0.0000011,0.0000011,,,,,,,,,,,,,,,,,,,,,
1791217920,0.00000111,0.00000111,0.00000111,0.00000111,,,,,,,,,,,,,,,,,,,,,
1791218040,0.00000111,0.00000111,0.00000111,0.00000111,,,,,,,,,,,,,,,,,,,,,
1791218280,0.00000111,0.00000111,0.00000111,0.00000111,,,,,,,,,,,,,,,,,,,,,
1791218400,0.00000111,0.00000111,0.00000111,0.00000111,,,,,,,,,,,,,,,,,,,,,
1791218520,0.00000111,0.00000111,0.00000111,0.00000111,,,,,,,,,,,,,,,,,,,,,
1791218640,0.00000111,0.00000111,0.00000111,0.00000111,,,,,,,,,,,,,,,,,,,,,
1791218760,0.00000111,0.00000111,0.00000111,0.00000111,,,,,,,,,,,,,,,,,,,,,
1791218880,0.00000111,0.00000111,0.00000111,0.00000111,,,,,,,,,,,,,,,,,,,,,
1791219000,0.00000111,0.00000111,0.00000111,0.00000111,,,,,,,,,,,,,,,,,,,,,
1791219120,0.00000111,0.00000111,0.00000111,0.00000111,,,,,,,,,,,,,,,,,,,,,
1791219360,0.00000111,0.00000111,0.00000111,0.00000111,,,,,,,,,,,,,,,,,,,,,
1791219600,0.00000111,0.00000111,0.00000111,0.00000111,,,,,,,,,,,,,,,,,,,,,
1791219720,0.00000111,0.00000111,0.00000111,0.00000111,,,,,,,,,,,,,,,,,,,,,
1791219840,0.00000111,0.00000111,0.00000111,0.00000111,,,,,,,,,,,,,,,,,,,,,
1791220200,0.00000111,0.00000111,0.00000111,0.00000111,,,,,,,,,,,,,,,,,,,,,
1791220920,0.00000111,0.00000111,0.00000111,0.00000111,,,,,,,,,,,,,,,,,,,,,
1791221040,0.00000111,0.00000111,0.00000111,0.00000111,,,,,,,,,,,,,,,,,,,,,
1791221160,0.00000111,0.00000111,0.00000111,0.00000111,,,,,,,,,,,,,,,,,,,,,
1791221280,0.00000111,0.00000111,0.00000111,0.00000111,,,,,,,,,,,,,,,,,,,,,
1791221520,0.0000011,0.0000011,0.0000011,0.0000011,,,,,,,,,,,,,,,,,,,,,
1791222120,0.00000111,0.00000111,0.00000111,0.00000111,,,,,,,,,,,,,,,,,,,,,
1791222240,0.00000111,0.00000111,0.00000111,0.00000111,,,,,,,,,,,,,,,,,,,,,
1791222360,0.00000111,0.00000111,0.00000111,0.00000111,,,,,,,,,,,,,,,,,,,,,
1791222840,0.00000111,0.00000111,0.00000111,0.00000111,,,,,,,,,,,,,,,,,,,,,
1791222960,0.00000111,0.00000111,0.00000111,0.00000111,,,,,,,,,,,,,,,,,,,,,
1791223080,0.00000111,0.00000111,0.00000111,0.00000111,,,,,,,,,,,,,,,,,,,,,
1791223320,0.00000111,0.00000111,0.00000111,0.00000111,,,,,,,,,,,,,,,,,,,,,
1791224040,0.00000111,0.00000111,0.00000111,0.00000111,,,,,,,,,,,,,,,,,,,,,
1791224400,0.00000111,0.00000111,0.00000111,0.00000111,,,,,,,,,,,,,,,,,,,,,
1791224640,0.00000111,0.00000111,0.00000111,0.00000111,,,,,,,,,,,,,,,,,,,,,
1791225000,0.00000111,0.00000111,0.00000111,0.00000111,,,,,,,,,,,,,,,,,,,,,
1791225120,0.00000111,0.00000111,0.00000111,0.00000111,,,,,,,,,,,,,,,,,,,,,
1791225240,0.00000111,0.00000111,0.00000111,0.00000111,,,,,,,,,,,,,,,,,,,,,
1791225960,0.00000111,0.00000111,0.00000111,0.00000111,,,,,,,,,,,,,,,,,,,,,
1791226200,0.00000111,0.00000111,0.00000111,0.00000111,,,,,,,,,,,,,,,,,,,,,
1791226560,0.00000111,0.00000111,0.00000111,0.00000111,,,,,,,,,,,,,,,,,,,,,
1791227280,0.00000111,0.00000111,0.00000111,0.00000111,,,,,,,,,,,,,,,,,,,,,
1791227640,0.00000111,0.00000111,0.00000111,0.00000111,,,,,,,,,,,,,,,,,,,,,
1791228000,0.00000111,0.00000111,0.00000111,0.00000111,,,,,,,,,,,,,,,,,,,,,
1791228120,0.00000111,0.00000111,0.00000111,0.00000111,,,,,,,,,,,,,,,,,,,,,
1791228360,0.00000111,0.00000111,0.00000111,0.00000111,,,,,,,,,,,,,,,,,,,,,
1791228840,0.00000111,0.00000111,0.00000111,0.00000111,,,,,,,,,,,,,,,,,,,,,
1791231600,0.00000112,0.00000112,0.00000111,0.00000111,,,,,,,,,,,,,,,,,,,,,
1791231840,0.00000112,0.00000112,0.00000112,0.00000112,,,,,,,,,,,,,,,,,,,,,
1791232200,0.00000112,0.00000112,0.00000112,0.00000112,,,,,,,,,,,,,,,,,,,,,
1791233160,0.00000112,0.00000112,0.00000112,0.00000112,,,,,,,,,,,,,,,,,,,,,
1791233280,0.00000112,0.00000112,0.00000112,0.00000112,,,,,,,,,,,,,,,,,,,,,
1791233760,0.00000112,0.00000112,0.00000112,0.00000112,,,,,,,,,,,,,,,,,,,,,
1791234480,0.00000112,0.00000112,0.00000111,0.00000112,,,,,,,,,,,,,,,,,,,,,
1791234840,0.00000111,0.00000111,0.00000111,0.00000111,,,,,,,,,,,,,,,,,,,,,
1791234960,0.00000112,0.00000112,0.00000112,0.00000112,,,,,,,,,,,,,,,,,,,,,
1791235920,0.00000111,0.00000111,0.00000111,0.00000111,,,,,,,,,,,,,,,,,,,,,
1791236040,0.00000111,0.00000111,0.00000111,0.00000111,,,,,,,,,,,,,,,,,,,,,
1791237600,0.00000111,0.00000111,0.00000111,0.00000111,,,,,,,,,,,,,,,,,,,,,
1791238080,0.00000112,0.00000112,0.00000112,0.00000112,,,,,,,,,,,,,,,,,,,,,
1791238680,0.00000112,0.00000112,0.00000112,0.00000112,,,,,,,,,,,,,,,,,,,,,
1791239640,0.00000112,0.00000112,0.00000112,0.00000112,,,,,,,,,,,,,,,,,,,,,
1791243120,0.00000111,0.00000111,0.00000111,0.00000111,,,,,,,,,,,,,,,,,,,,,
1791243240,0.00000111,0.00000111,0.00000111,0.00000111,,,,,,,,,,,,,,,,,,,,,
1791246360,0.00000111,0.00000111,0.00000111,0.00000111,,,,,,,,,,,,,,,,,,,,,
1791247200,0.00000111,0.00000111,0.00000111,0.00000111,,,,,,,,,,,,,,,,,,,,,
1791247440,0.00000111,0.00000111,0.00000111,0.00000111,,,,,,,,,,,,,,,,,,,,,
1791247560,0.00000111,0.00000111,0.00000111,0.00000111,,,,,,,,,,,,,,,,,,,,,
1791247680,0.00000111,0.00000111,0.00000111,0.00000111,,,,,,,,,,,,,,,,,,,,,
1791248160,0.00000111,0.00000111,0.00000111,0.00000111,,,,,,,,,,,,,,,,,,,,,
1791248400,0.00000111,0.00000111,0.00000111,0.00000111,,,,,,,,,,,,,,,,,,,,,
1791249360,0.00000111,0.00000111,0.00000111,0.00000111,,,,,,,,,,,,,,,,,,,,,
1791249960,0.00000111,0.00000111,0.00000111,0.00000111,,,,,,,,,,,,,,,,,,,,,
1791250080,0.00000111,0.00000111,0.00000111,0.00000111,,,,,,,,,,,,,,,,,,,,,
1791250320,0.00000111,0.00000111,0.0000011,0.0000011,,,,,,,,,,,,,,,,,,,,,
1791251160,0.00000111,0.00000111,0.00000111,0.00000111,,,,,,,,,,,,,,,,,,,,,
1791251520,0.00000111,0.00000111,0.00000111,0.00000111,,,,,,,,,,,,,,,,,,,,,
1791251640,0.00000111,0.00000111,0.00000111,0.00000111,,,,,,,,,,,,,,,,,,,,,
1791252000,0.00000111,0.00000111,0.00000111,0.00000111,,,,,,,,,,,,,,,,,,,,,
1791252240,0.00000111,0.00000111,0.00000111,0.00000111,,,,,,,,,,,,,,,,,,,,,
1791252480,0.00000111,0.00000111,0.00000111,0.00000111,,,,,,,,,,,,,,,,,,,,,
1791253200,0.00000111,0.00000111,0.00000111,0.00000111,,,,,,,,,,,,,,,,,,,,,
1791254760,0.00000111,0.00000111,0.00000111,0.00000111,,,,,,,,,,,,,,,,,,,,,
1791254880,0.00000111,0.00000111,0.00000111,0.00000111,,,,,,,,,,,,,,,,,,,,,
1791255000,0.00000111,0.00000111,0.00000111,0.00000111,,,,,,,,,,,,,,,,,,,,,
1791255360,0.00000111,0.00000111,0.00000111,0.00000111,,,,,,,,,,,,,,,,,,,,,
1791255720,0.00000111,0.00000111,0.00000111,0.00000111,,,,,,,,,,,,,,,,,,,,,
1791255840,0.00000111,0.00000111,0.00000111,0.00000111,,,,,,,,,,,,,,,,,,,,,
1791255960,0.00000111,0.00000111,0.00000111,0.00000111,,,,,,,,,,,,,,,,,,,,,
1791256080,0.00000111,0.00000111,0.00000111,0.00000111,,,,,,,,,,,,,,,,,,,,,
1791256200,0.00000111,0.00000111,0.00000111,0.00000111,,,,,,,,,,,,,,,,,,,,,
1791256320,0.00000111,0.00000111,0.00000111,0.00000111,,,,,,,,,,,,,,,,,,,,,
1791256440,0.00000111,0.00000111,0.00000111,0.00000111,,,,,,,,,,,,,,,,,,,,,
1791256560,0.00000111,0.00000111,0.00000111,0.00000111,,,,,,,,,,,,,,,,,,,,,
1791256680,0.00000111,0.00000111,0.00000111,0.00000111,,,,,,,,,,,,,,,,,,,,,
1791256800,0.00000111,0.00000111,0.00000111,0.00000111,,,,,,,,,,,,,,,,,,,,,
1791256920,0.00000111,0.00000111,0.00000111,0.00000111,,,,,,,,,,,,,,,,,,,,,
1791257040,0.00000111,0.00000111,0.00000111,0.00000111,,,,,,,,,,,,,,,,,,,,,
1791257160,0.00000111,0.00000111,0.00000111,0.00000111,,,,,,,,,,,,,,,,,,,,,
1791257280,0.00000111,0.00000111,0.00000111,0.00000111,,,,,,,,,,,,,,,,,,,,,
1791257400,0.00000111,0.00000111,0.00000111,0.00000111,,,,,,,,,,,,,,,,,,,,,
1791257520,0.0000011,0.00000111,0.0000011,0.00000111,,,,,,,,,,,,,,,,,,,,,
1791257640,0.00000111,0.00000111,0.00000111,0.00000111,,,,,,,,,,,,,,,,,,,,,
1791257760,0.00000111,0.00000111,0.00000111,0.00000111,,,,,,,,,,,,,,,,,,,,,
1791258360,0.00000111,0.00000111,0.00000111,0.00000111,,,,,,,,,,,,,,,,,,,,,
1791258480,0.00000111,0.00000111,0.00000111,0.00000111,,,,,,,,,,,,,,,,,,,,,
1791258840,0.0000011,0.0000011,0.0000011,0.0000011,,,,,,,,,,,,,,,,,,,,,
1791259200,0.00000111,0.00000111,0.00000111,0.00000111,,,,,,,,,,,,,,,,,,,,,
1791259440,0.00000111,0.00000111,0.00000111,0.00000111,,,,,,,,,,,,,,,,,,,,,
1791259920,0.00000111,0.00000111,0.00000111,0.00000111,,,,,,,,,,,,,,,,,,,,,
1791260400,0.00000111,0.00000111,0.00000111,0.00000111,,,,,,,,,,,,,,,,,,,,,
1791261120,0.0000011,0.0000011,0.0000011,0.0000011,,,,,,,,,,,,,,,,,,,,,
1791261960,0.00000111,0.00000111,0.00000111,0.00000111,,,,,,,,,,,,,,,,,,,,,
1791262440,0.00000111,0.00000111,0.00000111,0.00000111,,,,,,,,,,,,,,,,,,,,,
1791262560,0.00000111,0.00000111,0.00000111,0.00000111,,,,,,,,,,,,,,,,,,,,,
1791263280,0.00000111,0.00000111,0.00000111,0.00000111,,,,,,,,,,,,,,,,,,,,,
1791263640,0.00000111,0.00000111,0.00000111,0.00000111,,,,,,,,,,,,,,,,,,,,,
1791264480,0.00000111,0.00000111,0.00000111,0.00000111,,,,,,,,,,,,,,,,,,,,,
1791264720,0.0000011,0.0000011,0.0000011,0.0000011,,,,,,,,,,,,,,,,,,,,,
1791265560,0.00000111,0.00000111,0.00000111,0.00000111,,,,,,,,,,,,,,,,,,,,,
1791265800,0.00000111,0.00000111,0.00000111,0.00000111,,,,,,,,,,,,,,,,,,,,,
1791266520,0.00000111,0.00000111,0.00000111,0.00000111,,,,,,,,,,,,,,,,,,,,,
1791267600,0.00000111,0.00000111,0.00000111,0.00000111,,,,,,,,,,,,,,,,,,,,,
1791267720,0.00000111,0.00000111,0.00000111,0.00000111,,,,,,,,,,,,,,,,,,,,,
1791267960,0.00000111,0.00000111,0.00000111,0.00000111,,,,,,,,,,,,,,,,,,,,,
1791268080,0.00000111,0.00000111,0.00000111,0.00000111,,,,,,,,,,,,,,,,,,,,,
1791268320,0.0000011,0.0000011,0.0000011,0.0000011,,,,,,,,,,,,,,,,,,,,,
1791269160,0.00000111,0.00000111,0.00000111,0.00000111,,,,,,,,,,,,,,,,,,,,,
1791269520,0.0000011,0.0000011,0.0000011,0.0000011,,,,,,,,,,,,,,,,,,,,,
1791269640,0.00000111,0.00000111,0.00000111,0.00000111,,,,,,,,,,,,,,,,,,,,,
1791269880,0.00000111,0.00000111,0.00000111,0.00000111,,,,,,,,,,,,,,,,,,,,,
1791270240,0.00000111,0.00000111,0.00000111,0.00000111,,,,,,,,,,,,,,,,,,,,,
1791270480,0.00000111,0.00000111,0.00000111,0.00000111,,,,,,,,,,,,,,,,,,,,,
1791271200,0.0000011,0.0000011,0.0000011,0.0000011,,,,,,,,,,,,,,,,,,,,,
1791271560,0.0000011,0.0000011,0.0000011,0.0000011,,,,,,,,,,,,,,,,,,,,,
1791271920,0.00000111,0.00000111,0.00000111,0.00000111,,,,,,,,,,,,,,,,,,,,,
1791272040,0.00000111,0.00000111,0.00000111,0.00000111,,,,,,,,,,,,,,,,,,,,,
1791272760,0.00000111,0.00000111,0.00000111,0.00000111,,,,,,,,,,,,,,,,,,,,,
1791272880,0.00000111,0.00000111,0.00000111,0.00000111,,,,,,,,,,,,,,,,,,,,,
1791273360,0.00000111,0.00000111,0.00000111,0.00000111,,,,,,,,,,,,,,,,,,,,,
1791273720,0.00000111,0.00000111,0.00000111,0.00000111,,,,,,,,,,,,,,,,,,,,,
1791274560,0.00000111,0.00000111,0.00000111,0.00000111,,,,,,,,,,,,,,,,,,,,,
1791275160,0.00000111,0.00000111,0.00000111,0.00000111,,,,,,,,,,,,,,,,,,,,,
1791276240,0.0000011,0.0000011,0.0000011,0.0000011,,,,,,,,,,,,,,,,,,,,,
1791276960,0.0000011,0.0000011,0.0000011,0.0000011,,,,,,,,,,,,,,,,,,,,,
1791277560,0.0000011,0.0000011,0.0000011,0.0000011,,,,,,,,,,,,,,,,,,,,,
1791278520,0.00000111,0.00000111,0.00000111,0.00000111,,,,,,,,,,,,,,,,,,,,,
1791279120,0.0000011,0.0000011,0.0000011,0.0000011,,,,,,,,,,,,,,,,,,,,,
1791281040,0.00000111,0.00000111,0.00000111,0.00000111,,,,,,,,,,,,,,,,,,,,,
1791281400,0.0000011,0.0000011,0.0000011,0.0000011,,,,,,,,,,,,,,,,,,,,,
1791281880,0.00000111,0.00000111,0.00000111,0.00000111,,,,,,,,,,,,,,,,,,,,,
1791282000,0.00000111,0.00000111,0.00000111,0.00000111,,,,,,,,,,,,,,,,,,,,,
1791283560,0.00000111,0.00000111,0.00000111,0.00000111,,,,,,,,,,,,,,,,,,,,,
1791284040,0.00000111,0.00000111,0.00000111,0.00000111,,,,,,,,,,,,,,,,,,,,,
1791284280,0.00000111,0.00000111,0.00000111,0.00000111,,,,,,,,,,,,,,,,,,,,,
1791285960,0.00000111,0.00000111,0.00000111,0.00000111,,,,,,,,,,,,,,,,,,,,,
1791286800,0.00000111,0.00000111,0.00000111,0.00000111,,,,,,,,,,,,,,,,,,,,,
1791287160,0.00000111,0.00000111,0.00000111,0.00000111,,,,,,,,,,,,,,,,,,,,,
1791287280,0.00000111,0.00000111,0.00000111,0.00000111,,,,,,,,,,,,,,,,,,,,,
1791287640,0.00000111,0.00000111,0.00000111,0.00000111,,,,,,,,,,,,,,,,,,,,,
1791288000,0.00000111,0.00000111,0.0000011,0.0000011,,,,,,,,,,,,,,,,,,,,,
1791288120,0.00000111,0.00000111,0.00000111,0.00000111,,,,,,,,,,,,,,,,,,,,,
1791288240,0.00000111,0.00000111,0.00000111,0.00000111,,,,,,,,,,,,,,,,,,,,,
1791288840,0.00000111,0.00000111,0.00000111,0.00000111,,,,,,,,,,,,,,,,,,,,,
1791289200,0.00000111,0.00000111,0.0000011,0.0000011,,,,,,,,,,,,,,,,,,,,,
1791289440,0.00000111,0.00000111,0.00000111,0.00000111,,,,,,,,,,,,,,,,,,,,,
1791289680,0.00000111,0.00000111,0.00000111,0.00000111,,,,,,,,,,,,,,,,,,,,,
1791290760,0.00000111,0.00000111,0.00000111,0.00000111,,,,,,,,,,,,,,,,,,,,,
1791291240,0.00000111,0.00000111,0.00000111,0.00000111,,,,,,,,,,,,,,,,,,,,,
1791291600,0.00000111,0.00000111,0.00000111,0.00000111,,,,,,,,,,,,,,,,,,,,,
1791292440,0.00000111,0.00000111,0.00000111,0.00000111,,,,,,,,,,,,,,,,,,,,,
1791293040,0.00000111,0.00000111,0.00000111,0.00000111,,,,,,,,,,,,,,,,,,,,,
1791293160,0.00000111,0.00000111,0.00000111,0.00000111,,,,,,,,,,,,,,,,,,,,,
1791293760,0.00000111,0.00000111,0.00000111,0.00000111,,,,,,,,,,,,,,,,,,,,,
1791294720,0.00000111,0.00000111,0.00000111,0.00000111,,,,,,,,,,,,,,,,,,,,,
1791295320,0.00000112,0.00000112,0.00000112,0.00000112,,,,,,,,,,,,,,,,,,,,,
1791297120,0.00000111,0.00000111,0.00000111,0.00000111,,,,,,,,,,,,,,,,,,,,,
1791298800,0.00000111,0.00000111,0.00000111,0.00000111,,,,,,,,,,,,,,,,,,,,,
1791299760,0.00000111,0.00000111,0.00000111,0.00000111,,,,,,,,,,,,,,,,,,,,,
1791300360,0.00000111,0.00000111,0.00000111,0.00000111,,,,,,,,,,,,,,,,,,,,,
1791301440,0.00000112,0.00000112,0.00000112,0.00000112,,,,,,,,,,,,,,,,,,,,,
1791302280,0.00000111,0.00000111,0.00000111,0.00000111,,,,,,,,,,,,,,,,,,,,,
1791302400,0.00000111,0.00000111,0.00000111,0.00000111,,,,,,,,,,,,,,,,,,,,,
1791304560,0.00000111,0.00000111,0.00000111,0.00000111,,,,,,,,,,,,,,,,,,,,,
1791304680,0.00000112,0.00000112,0.00000112,0.00000112,,,,,,,,,,,,,,,,,,,,,
1791304920,0.00000111,0.00000111,0.00000111,0.00000111,,,,,,,,,,,,,,,,,,,,,
1791305040,0.00000112,0.00000112,0.00000112,0.00000112,,,,,,,,,,,,,,,,,,,,,
1791306120,0.00000111,0.00000111,0.00000111,0.00000111,,,,,,,,,,,,,,,,,,,,,
1791306240,0.00000112,0.00000112,0.00000112,0.00000112,,,,,,,,,,,,,,,,,,,,,
1791306480,0.00000111,0.00000111,0.00000111,0.00000111,,,,,,,,,,,,,,,,,,,,,
1791306600,0.00000111,0.00000111,0.00000111,0.00000111,,,,,,,,,,,,,,,,,,,,,
1791306720,0.00000111,0.00000111,0.00000111,0.00000111,,,,,,,,,,,,,,,,,,,,,
1791307200,0.00000111,0.00000111,0.00000111,0.00000111,,,,,,,,,,,,,,,,,,,,,
1791307320,0.00000111,0.00000111,0.00000111,0.00000111,,,,,,,,,,,,,,,,,,,,,
1791307440,0.00000111,0.00000111,0.00000111,0.00000111,,,,,,,,,,,,,,,,,,,,,
1791307560,0.00000111,0.00000111,0.00000111,0.00000111,,,,,,,,,,,,,,,,,,,,,
1791307680,0.00000111,0.00000111,0.00000111,0.00000111,,,,,,,,,,,,,,,,,,,,,
1791307920,0.0000011,0.0000011,0.0000011,0.0000011,,,,,,,,,,,,,,,,,,,,,
1791308520,0.00000111,0.00000111,0.00000111,0.00000111,,,,,,,,,,,,,,,,,,,,,
1791308640,0.00000111,0.00000111,0.0000011,0.0000011,,,,,,,,,,,,,,,,,,,,,
1791309360,0.00000111,0.00000111,0.00000111,0.00000111,,,,,,,,,,,,,,,,,,,,,
1791309480,0.00000111,0.00000111,0.00000111,0.00000111,,,,,,,,,,,,,,,,,,,,,
1791309720,0.00000111,0.00000111,0.00000111,0.00000111,,,,,,,,,,,,,,,,,,,,,
1791309960,0.0000011,0.0000011,0.0000011,0.0000011,,,,,,,,,,,,,,,,,,,,,
1791310440,0.00000111,0.00000111,0.00000111,0.00000111,,,,,,,,,,,,,,,,,,,,,
1791311880,0.0000011,0.0000011,0.0000011,0.0000011,,,,,,,,,,,,,,,,,,,,,
1791313680,0.0000011,0.0000011,0.0000011,0.0000011,,,,,,,,,,,,,,,,,,,,,
1791314160,0.0000011,0.0000011,0.0000011,0.0000011,,,,,,,,,,,,,,,,,,,,,
1791314280,0.0000011,0.0000011,0.0000011,0.0000011,,,,,,,,,,,,,,,,,,,,,
1791315000,0.0000011,0.0000011,0.0000011,0.0000011,,,,,,,,,,,,,,,,,,,,,
1791315120,0.00000109,0.00000109,0.00000109,0.00000109,,,,,,,,,,,,,,,,,,,,,
1791315240,0.0000011,0.0000011,0.0000011,0.0000011,,,,,,,,,,,,,,,,,,,,,
1791315960,0.0000011,0.0000011,0.0000011,0.0000011,,,,,,,,,,,,,,,,,,,,,
1791316560,0.0000011,0.0000011,0.0000011,0.0000011,,,,,,,,,,,,,,,,,,,,,
1791316680,0.0000011,0.0000011,0.0000011,0.0000011,,,,,,,,,,,,,,,,,,,,,
1791317280,0.0000011,0.0000011,0.0000011,0.0000011,,,,,,,,,,,,,,,,,,,,,
1791318240,0.0000011,0.0000011,0.0000011,0.0000011,,,,,,,,,,,,,,,,,,,,,
1791318600,0.0000011,0.0000011,0.0000011,0.0000011,,,,,,,,,,,,,,,,,,,,,
1791318720,0.00000109,0.00000109,0.00000109,0.00000109,,,,,,,,,,,,,,,,,,,,,
1791321240,0.0000011,0.0000011,0.0000011,0.0000011,,,,,,,,,,,,,,,,,,,,,
1791322320,0.00000109,0.00000109,0.00000109,0.00000109,,,,,,,,,,,,,,,,,,,,,
1791323520,0.00000109,0.00000109,0.00000109,0.00000109,,,,,,,,,,,,,,,,,,,,,
1791324600,0.0000011,0.0000011,0.00000109,0.00000109,,,,,,,,,,,,,,,,,,,,,
1791326160,0.0000011,0.0000011,0.0000011,0.0000011,,,,,,,,,,,,,,,,,,,,,
1791329520,0.00000109,0.00000109,0.00000109,0.00000109,,,,,,,,,,,,,,,,,,,,,
1791330360,0.0000011,0.0000011,0.00000109,0.00000109,,,,,,,,,,,,,,,,,,,,,
1791330840,0.0000011,0.0000011,0.0000011,0.0000011,,,,,,,,,,,,,,,,,,,,,
1791331320,0.0000011,0.0000011,0.0000011,0.0000011,,,,,,,,,,,,,,,,,,,,,
1791332160,0.0000011,0.0000011,0.0000011,0.0000011,,,,,,,,,,,,,,,,,,,,,
1791332640,0.0000011,0.0000011,0.0000011,0.0000011,,,,,,,,,,,,,,,,,,,,,
1791333120,0.0000011,0.0000011,0.0000011,0.0000011,,,,,,,,,,,,,,,,,,,,,
1791333240,0.0000011,0.0000011,0.0000011,0.0000011,,,,,,,,,,,,,,,,,,,,,
1791333480,0.0000011,0.0000011,0.0000011,0.0000011,,,,,,,,,,,,,,,,,,,,,
1791333840,0.0000011,0.0000011,0.0000011,0.0000011,,,,,,,,,,,,,,,,,,,,,
1791333960,0.0000011,0.0000011,0.0000011,0.0000011,,,,,,,,,,,,,,,,,,,,,
1791334080,0.0000011,0.0000011,0.0000011,0.0000011,,,,,,,,,,,,,,,,,,,,,
1791334440,0.0000011,0.0000011,0.0000011,0.0000011,,,,,,,,,,,,,,,,,,,,,
1791334800,0.0000011,0.0000011,0.0000011,0.0000011,,,,,,,,,,,,,,,,,,,,,
1791334920,0.0000011,0.0000011,0.0000011,0.0000011,,,,,,,,,,,,,,,,,,,,,
1791336360,0.0000011,0.0000011,0.0000011,0.0000011,,,,,,,,,,,,,,,,,,,,,
1791336600,0.00000109,0.00000109,0.00000109,0.00000109,,,,,,,,,,,,,,,,,,,,,
1791336720,0.00000109,0.0000011,0.00000109,0.0000011,,,,,,,,,,,,,,,,,,,,,
1791337560,0.0000011,0.0000011,0.0000011,0.0000011,,,,,,,,,,,,,,,,,,,,,
1791338280,0.00000109,0.00000109,0.00000109,0.00000109,,,,,,,,,,,,,,,,,,,,,
1791338400,0.00000109,0.00000109,0.00000107,0.00000107,,,,,,,,,,,,,,,,,,,,,
1791338520,0.00000107,0.00000108,0.00000107,0.00000108,,,,,,,,,,,,,,,,,,,,,
1791338640,0.00000107,0.00000108,0.00000106,0.00000108,,,,,,,,,,,,,,,,,,,,,
1791338760,0.00000107,0.00000108,0.00000107,0.00000108,,,,,,,,,,,,,,,,,,,,,
1791338880,0.00000108,0.00000108,0.00000108,0.00000108,,,,,,,,,,,,,,,,,,,,,
1791339000,0.00000108,0.00000108,0.00000108,0.00000108,,,1,1,123456,123456,0,1,0,0,0,,,0.00000108,0.00000108,0.00000108,0.00000108,10611,0,0,1791339000000
1791339240,0.00000108,0.00000108,0.00000108,0.00000108,,,1,1,123456,123456,0,1,0,0,0,,,0.00000108,0.00000108,0.00000108,0.00000108,370,1,1,1791339240000
1791339720,0.00000108,0.00000108,0.00000108,0.00000108,,,1,1,123456,123456,0,1,0,0,0,,,0.00000108,0.00000108,0.00000108,0.00000108,114,2,2,1791339720000
1791340440,0.00000108,0.00000108,0.00000108,0.00000108,,,1,1,123456,123456,0,1,0,0,0,,,0.00000108,0.00000108,0.00000108,0.00000108,120,3,3,1791340440000
1791341160,0.00000107,0.00000107,0.00000107,0.00000107,,,1,1,123456,123456,0,1,0,0,0,,,0.00000107,0.00000107,0.00000107,0.00000107,10505,4,4,1791341160000
1791341400,0.00000108,0.00000108,0.00000108,0.00000108,,,1,1,123456,123456,0,1,0,0,0,,,0.00000108,0.00000108,0.00000108,0.00000108,145,5,5,1791341400000
1791341520,0.00000108,0.00000108,0.00000108,0.00000108,,,1,1,123456,123456,0,1,0,0,0,,,0.00000108,0.00000108,0.00000108,0.00000108,1111,6,6,1791341520000
1791342000,0.00000107,0.00000107,0.00000107,0.00000107,,,1,1,123456,123456,0,1,0,0,0,,,0.00000107,0.00000107,0.00000107,0.00000107,3673,7,7,1791342000000
1791342120,0.00000108,0.00000108,0.00000108,0.00000108,,,1,1,123456,123456,0,1,0,0,0,,,0.00000108,0.00000108,0.00000108,0.00000108,2770,8,8,1791342120000
1791343920,0.00000107,0.00000107,0.00000107,0.00000107,,,1,1,123456,123456,0,1,0,0,0,,,0.00000107,0.00000107,0.00000107,0.00000107,23914,9,9,1791343920000
1791344160,0.00000107,0.00000107,0.00000107,0.00000107,,,1,1,123456,123456,0,1,0,0,0,,,0.00000107,0.00000107,0.00000107,0.00000107,19425,10,10,1791344160000
1791345600,0.00000107,0.00000107,0.00000107,0.00000107,,,1,1,123456,123456,0,1,0,0,0,,,0.00000107,0.00000107,0.00000107,0.00000107,118417,11,11,1791345600000
1791345840,0.00000107,0.00000107,0.00000107,0.00000107,,,1,1,123456,123456,0,1,0,0,0,,,0.00000107,0.00000107,0.00000107,0.00000107,3345,12,12,1791345840000
1791346080,0.00000107,0.00000107,0.00000107,0.00000107,,,1,1,123456,123456,0,1,0,0,0,,,0.00000107,0.00000107,0.00000107,0.00000107,18918,13,13,1791346080000
1791346680,0.00000107,0.00000107,0.00000107,0.00000107,,,1,1,123456,123456,0,1,0,0,0,,,0.00000107,0.00000107,0.00000107,0.00000107,3321,14,14,1791346680000
1791346920,0.00000107,0.00000107,0.00000107,0.00000107,,,1,1,123456,123456,0,1,0,0,0,,,0.00000107,0.00000107,0.00000107,0.00000107,9345,15,15,1791346920000
1791347040,0.00000107,0.00000107,0.00000107,0.00000107,,,1,1,123456,123456,0,1,0,0,0,,,0.00000107,0.00000107,0.00000107,0.00000107,201,16,16,1791347040000
1791347520,0.00000106,0.00000106,0.00000106,0.00000106,,,1,1,123456,123456,0,1,0,0,0,,,0.00000106,0.00000106,0.00000106,0.00000106,7662,17,17,1791347520000
1791347640,0.00000107,0.00000107,0.00000107,0.00000107,,,1,1,123456,123456,0,1,0,0,0,,,0.00000107,0.00000107,0.00000107,0.00000107,127,18,18,1791347640000
1791347760,0.00000107,0.00000107,0.00000107,0.00000107,,,1,1,123456,123456,0,1,0,0,0,,,0.00000107,0.00000107,0.00000107,0.00000107,370,19,19,1791347760000
1791348120,0.00000107,0.00000107,0.00000107,0.00000107,,,1,1,123456,123456,0,1,0,0,0,,,0.00000107,0.00000107,0.00000107,0.00000107,4000,20,20,1791348120000
1791348360,0.00000107,0.00000107,0.00000107,0.00000107,,,1,1,123456,123456,0,1,0,0,0,,,0.00000107,0.00000107,0.00000107,0.00000107,311,21,21,1791348360000
1791348840,0.00000107,0.00000107,0.00000107,0.00000107,,,1,1,123456,123456,0,1,0,0,0,,,0.00000107,0.00000107,0.00000107,0.00000107,238,22,22,1791348840000
1791348960,0.00000107,0.00000107,0.00000107,0.00000107,,,1,1,123456,123456,0,1,0,0,0,,,0.00000107,0.00000107,0.00000107,0.00000107,291,23,23,1791348960000
1791349080,0.00000107,0.00000107,0.00000107,0.00000107,,,1,1,123456,123456,0,1,0,0,0,,,0.00000107,0.00000107,0.00000107,0.00000107,1000,24,24,1791349080000
1791349320,0.00000107,0.00000107,0.00000107,0.00000107,,,1,1,123456,123456,0,1,0,0,0,,,0.00000107,0.00000107,0.00000107,0.00000107,118,25,25,1791349320000
1791349680,0.00000107,0.00000107,0.00000107,0.00000107,,,1,1,123456,123456,0,1,0,0,0,,,0.00000107,0.00000107,0.00000107,0.00000107,4046,26,26,1791349680000
1791349800,0.00000107,0.00000107,0.00000107,0.00000107,,,1,1,123456,123456,0,1,0,0,0,,,0.00000107,0.00000107,0.00000107,0.00000107,265136,27,27,1791349800000
1791349920,0.00000107,0.00000107,0.00000107,0.00000107,,,1,1,123456,123456,0,1,0,0,0,,,0.00000107,0.00000107,0.00000107,0.00000107,13390,28,28,1791349920000
1791350040,0.00000107,0.00000107,0.00000107,0.00000107,,,1,1,123456,123456,0,1,0,0,0,,,0.00000107,0.00000107,0.00000107,0.00000107,44357,29,29,1791350040000
1791350760,0.00000107,0.00000107,0.00000107,0.00000107,,,1,1,123456,123456,0,1,0,0,0,,,0.00000107,0.00000107,0.00000107,0.00000107,17363,30,30,1791350760000
1791351120,0.00000107,0.00000107,0.00000107,0.00000107,,,1,1,123456,123456,0,1,0,0,0,,,0.00000107,0.00000107,0.00000107,0.00000107,120,31,31,1791351120000