time,open,high,low,close,volume,INPUT_SOURCE,FINITE_SOURCE_CONTROL,INPUT_VOLUME,SOURCE_NA,ACTUAL_VOLUME_MISSING,EXPLICIT_ANCHOR,FINITE_RECOVERY,VWAP_SOURCE_HOLE,VWAP_SOURCE_HOLE_NA,VWAP_SOURCE_HOLE_NZ_SENTINEL,VWAP_SOURCE_CONTROL,VWAP_SOURCE_CONTROL_NA,VWAP_SOURCE_CONTROL_NZ_SENTINEL,SAMPLE_INDEX,SOURCE_INDEX,SOURCE_TIME,CAPTURE_IS_OPEN_BAR
1791347040,84116.01,84158.76,84097.68,84158.75,19.29179,84158.75,84158.75,19.29179,0,0,1,1,84158.75,0,84158.75,84158.75,0,84158.75,0,0,1791347040000,0
1791347160,84158.75,84174.01,84140,84150.01,12.55068,84150.01,84150.01,12.55068,0,0,0,0,84155.3051371109,0,84155.3051371109,84155.3051371109,0,84155.3051371109,1,1,1791347160000,0
1791347280,84150,84171.69,84138,84149.83,10.78091,84149.83,84149.83,10.78091,0,0,0,0,84153.92028775287,0,84153.92028775287,84153.92028775287,0,84153.92028775287,2,2,1791347280000,0
1791347400,84149.84,84149.84,84094.55,84106,11.99938,84106,84106,11.99938,0,0,0,0,84143.39328870604,0,84143.39328870604,84143.39328870604,0,84143.39328870604,3,3,1791347400000,0
1791347520,84106,84106.01,84050,84064.01,13.90131,84064.01,84064.01,13.90131,0,0,0,0,84127.28899564345,0,84127.28899564345,84127.28899564345,0,84127.28899564345,4,4,1791347520000,0
1791347640,84064,84090.86,84064,84068.39,7.64625,84068.39,84068.39,7.64625,0,0,0,0,84121.37650314717,0,84121.37650314717,84121.37650314717,0,84121.37650314717,5,5,1791347640000,0
1791347760,84068.39,84144.01,84068.38,84098,14.45186,84098,84098,14.45186,0,0,0,0,84117.64856423893,0,84117.64856423893,84117.64856423893,0,84117.64856423893,6,6,1791347760000,0
1791347880,84098,84132.01,84098,84112.02,15.62663,84112.02,84112.02,15.62663,0,0,0,0,84116.82073858335,0,84116.82073858335,84116.82073858335,0,84116.82073858335,7,7,1791347880000,0
1791348000,84112.01,84112.02,84074.14,84110.41,7.98104,84110.41,84110.41,7.98104,0,0,0,0,84116.37283148145,0,84116.37283148145,84116.37283148145,0,84116.37283148145,8,8,1791348000000,0
1791348120,84110.41,84118.01,84044,84044.01,19.56364,84044.01,84044.01,19.56364,0,0,0,0,84105.7917457763,0,84105.7917457763,84105.7917457763,0,84105.7917457763,9,9,1791348120000,0
1791348240,84044.01,84120.09,84044,84110,35.02038,,84110,35.02038,1,0,0,0,,1,123456,84106.66474668581,0,84106.66474668581,10,10,1791348240000,0
1791348360,84110,84133.95,84110,84133.94,7.42079,84133.94,84133.94,7.42079,0,0,0,1,,1,123456,84107.81323772068,0,84107.81323772068,11,11,1791348360000,0
1791348480,84133.95,84136.01,84112.12,84135.36,12.45629,84135.36,84135.36,12.45629,0,0,0,0,,1,123456,84109.63171634676,0,84109.63171634676,12,12,1791348480000,0
1791348600,84135.35,84174.01,84135.35,84163.92,11.83342,84163.92,84163.92,11.83342,0,0,0,0,,1,123456,84112.83539708416,0,84112.83539708416,13,13,1791348600000,0
1791348720,84163.93,84180.95,84143.23,84143.23,17.16558,84143.23,84143.23,17.16558,0,0,0,0,,1,123456,84115.23211309203,0,84115.23211309203,14,14,1791348720000,0
1791348840,84143.23,84143.23,84100,84100,25.81208,84100,84100,25.81208,0,0,0,0,,1,123456,84113.61745500601,0,84113.61745500601,15,15,1791348840000,0
1791348960,84100.01,84106.94,84086.78,84106.93,9.52226,84106.93,84106.93,9.52226,0,0,1,0,84106.93,0,84106.93,84106.93,0,84106.93,16,16,1791348960000,0
1791349080,84106.93,84106.94,84097.68,84103.06,4.75529,84103.06,84103.06,4.75529,0,0,0,0,84105.6410553071,0,84105.6410553071,84105.6410553071,0,84105.6410553071,17,17,1791349080000,0
1791349200,84103.07,84117.53,84103.06,84105.19,10.47898,84105.19,84105.19,10.47898,0,0,0,0,84105.45013196114,0,84105.45013196114,84105.45013196114,0,84105.45013196114,18,18,1791349200000,0
1791349320,84105.19,84138.16,84105.18,84130.01,13.33656,84130.01,84130.01,13.33656,0,0,0,0,84114.04865084456,0,84114.04865084456,84114.04865084456,0,84114.04865084456,19,19,1791349320000,0
1791349440,84130,84140.01,84084.47,84140.01,28.7438,84140.01,84140.01,28.7438,0,0,0,0,84125.21356034071,0,84125.21356034071,84125.21356034071,0,84125.21356034071,20,20,1791349440000,0
1791349560,84140.01,84149.04,84126,84149.04,8.25951,84149.04,84149.04,8.25951,0,0,0,0,84127.83412160103,0,84127.83412160103,84127.83412160103,0,84127.83412160103,21,21,1791349560000,0
1791349680,84149.03,84200.01,84149.03,84200,9.75256,84200,84200,9.75256,0,0,0,0,84136.12888513188,0,84136.12888513188,84136.12888513188,0,84136.12888513188,22,22,1791349680000,0
1791349800,84200.01,84216.86,84190.01,84208.56,20.86357,84208.56,84208.56,20.86357,0,0,0,0,84150.42398936626,0,84150.42398936626,84150.42398936626,0,84150.42398936626,23,23,1791349800000,0
1791349920,84208.56,84210.5,84160.2,84177.13,19.44016,84177.13,84177.13,19.44016,0,0,0,0,84154.5722751097,0,84154.5722751097,84154.5722751097,0,84154.5722751097,24,24,1791349920000,0
1791350040,84177.14,84189.72,84171.61,84186,11.68482,84186,84186,11.68482,0,0,0,0,84157.25594940597,0,84157.25594940597,84157.25594940597,0,84157.25594940597,25,25,1791350040000,0
1791350160,84186.01,84186.01,84170,84170.01,7.67764,84170.01,84170.01,7.67764,0,0,0,0,84157.93353240681,0,84157.93353240681,84157.93353240681,0,84157.93353240681,26,26,1791350160000,0
1791350280,84170.01,84186.96,84170,84186.96,8.71994,84186.96,84186.96,8.71994,0,0,0,0,84159.58530195792,0,84159.58530195792,84159.58530195792,0,84159.58530195792,27,27,1791350280000,0
1791350400,84186.96,84218.01,84186.96,84218.01,9.28407,84218.01,84218.01,9.28407,0,0,0,0,84162.92287142575,0,84162.92287142575,84162.92287142575,0,84162.92287142575,28,28,1791350400000,0
1791350520,84218,84244.01,84218,84234.74,15.68917,84234.74,84234.74,15.68917,0,0,0,0,84169.24553400338,0,84169.24553400338,84169.24553400338,0,84169.24553400338,29,29,1791350520000,0
1791350640,84234.75,84234.75,84216.95,84219.49,18.53281,84219.49,84219.49,18.532809999999998,0,0,0,0,84173.97851024754,0,84173.97851024754,84173.97851024754,0,84173.97851024754,30,30,1791350640000,0
1791350760,84219.49,84220.84,84219.48,84220.83,6.21795,84220.83,84220.83,6.21795,0,0,0,0,84175.41387449116,0,84175.41387449116,84175.41387449116,0,84175.41387449116,31,31,1791350760000,1
