time,open,high,low,close,Once_RollbackVar,Once_RetainedVarip,CloseOnce_RetainedVarip,Tick_Control,FirstLiveBar_Control,Bar_Index_Control,Confirmed_Control,Realtime_Control,Close_Control,SAMPLE_INDEX,SOURCE_INDEX,SOURCE_TIME
1791333360,85490.01,85533.91,85490.01,85533.9,,,,,,,,,,,,
1791333420,85533.91,85572.92,85533.9,85564.36,,,,,,,,,,,,
1791333480,85564.35,85564.36,85490.01,85490.02,,,,,,,,,,,,
1791333540,85490.01,85500.01,85488,85488.01,,,,,,,,,,,,
1791333600,85488,85488.01,85482,85482.01,,,,,,,,,,,,
1791333660,85482,85500.01,85482,85500.01,,,,,,,,,,,,
1791333720,85500,85500.01,85500,85500,,,,,,,,,,,,
1791333780,85500,85512.01,85500,85512,,,,,,,,,,,,
1791333840,85512.01,85512.01,85512,85512.01,,,,,,,,,,,,
1791333900,85512.01,85537.22,85512.01,85523.94,,,,,,,,,,,,
1791333960,85523.94,85523.94,85522,85522,,,,,,,,,,,,
1791334020,85522,85522.01,85500.57,85500.58,,,,,,,,,,,,
1791334080,85500.57,85533.18,85500.57,85533.17,,,,,,,,,,,,
1791334140,85533.17,85542.01,85533.17,85542.01,,,,,,,,,,,,
1791334200,85542,85542.01,85542,85542.01,,,,,,,,,,,,
1791334260,85542.01,85546.01,85542,85546,,,,,,,,,,,,
1791334320,85546.01,85549.89,85516.01,85520.01,,,,,,,,,,,,
1791334380,85520.01,85539.13,85520,85530.01,,,,,,,,,,,,
1791334440,85530,85543.3,85520.82,85543.3,,,,,,,,,,,,
1791334500,85543.29,85543.29,85530.67,85530.67,,,,,,,,,,,,
1791334560,85530.67,85530.67,85522.01,85522.02,,,,,,,,,,,,
1791334620,85522.02,85546.77,85519.66,85546.77,,,,,,,,,,,,
1791334680,85546.77,85566.61,85546.77,85558,,,,,,,,,,,,
1791334740,85558.01,85558.01,85540,85540.01,,,,,,,,,,,,
1791334800,85540,85540.01,85496,85496.01,,,,,,,,,,,,
1791334860,85496.01,85496.01,85456.45,85456.46,,,,,,,,,,,,
1791334920,85456.45,85456.46,85450.01,85452.01,,,,,,,,,,,,
1791334980,85452.01,85479.12,85452,85464.01,,,,,,,,,,,,
1791335040,85464.01,85475.79,85441.2,85475.78,,,,,,,,,,,,
1791335100,85475.79,85475.79,85452.2,85452.2,,,,,,,,,,,,
1791335160,85452.2,85452.21,85452.2,85452.21,,,,,,,,,,,,
1791335220,85452.21,85496.01,85448,85481.48,,,,,,,,,,,,
1791335280,85481.49,85481.49,85480.07,85480.08,,,,,,,,,,,,
1791335340,85480.07,85480.08,85474.88,85474.89,,,,,,,,,,,,
1791335400,85474.88,85480.07,85464,85464,,,,,,,,,,,,
1791335460,85464,85464.01,85436,85436,,,,,,,,,,,,
1791335520,85436.01,85436.01,85414,85426.56,,,,,,,,,,,,
1791335580,85426.55,85428.92,85426.55,85428.92,,,,,,,,,,,,
1791335640,85428.92,85461.67,85428.92,85453.55,,,,,,,,,,,,
1791335700,85453.54,85453.55,85410,85436.34,,,,,,,,,,,,
1791335760,85436.34,85445.26,85410,85410.01,,,,,,,,,,,,
1791335820,85410.01,85418,85400,85418,,,,,,,,,,,,
1791335880,85418,85418,85400,85400,,,,,,,,,,,,
1791335940,85400.01,85400.01,85372,85372.01,,,,,,,,,,,,
1791336000,85372.01,85394.01,85372,85394.01,,,,,,,,,,,,
1791336060,85394,85394,85368,85368.01,,,,,,,,,,,,
1791336120,85368.01,85368.01,85331.3,85350,,,,,,,,,,,,
1791336180,85350,85371.98,85312.96,85326.36,,,,,,,,,,,,
1791336240,85326.36,85329.09,85307.02,85329.09,,,,,,,,,,,,
1791336300,85329.09,85349.18,85320.98,85320.99,,,,,,,,,,,,
1791336360,85320.99,85330,85311.09,85311.1,,,,,,,,,,,,
1791336420,85311.1,85311.1,85301.38,85301.39,,,,,,,,,,,,
1791336480,85301.38,85301.39,85261.18,85261.19,,,,,,,,,,,,
1791336540,85261.18,85287.1,85261.18,85267.49,,,,,,,,,,,,
1791336600,85267.49,85272.53,85235.29,85266.09,,,,,,,,,,,,
1791336660,85266.09,85338.61,85266.09,85336.16,,,,,,,,,,,,
1791336720,85336.16,85336.16,85304.83,85316.07,,,,,,,,,,,,
1791336780,85316.08,85334.25,85316.07,85316.78,,,,,,,,,,,,
1791336840,85316.78,85326.79,85306.61,85317.01,,,,,,,,,,,,
1791336900,85317,85317.01,85209.06,85209.07,,,,,,,,,,,,
1791336960,85209.07,85209.1,85200,85200.01,,,,,,,,,,,,
1791337020,85200.01,85200.05,85189,85189.01,,,,,,,,,,,,
1791337080,85189.01,85221.72,85189,85217.49,,,,,,,,,,,,
1791337140,85217.49,85247.68,85217.49,85247.67,,,,,,,,,,,,
1791337200,85247.68,85253.44,85233.2,85253.44,,,,,,,,,,,,
1791337260,85253.44,85307.66,85253.43,85307.66,,,,,,,,,,,,
1791337320,85307.66,85307.66,85276.4,85276.5,,,,,,,,,,,,
1791337380,85276.5,85293.66,85272.32,85272.32,,,,,,,,,,,,
1791337440,85272.32,85297.31,85270.32,85297.31,,,,,,,,,,,,
1791337500,85297.31,85341.81,85297.31,85332.91,,,,,,,,,,,,
1791337560,85332.9,85336.49,85279.63,85283.78,,,,,,,,,,,,
1791337620,85283.78,85297.96,85283.77,85292.02,,,,,,,,,,,,
1791337680,85292.02,85301.29,85292.02,85301.28,,,,,,,,,,,,
1791337740,85301.28,85311.29,85301.28,85311.29,,,,,,,,,,,,
1791337800,85311.29,85311.29,85286,85286,,,,,,,,,,,,
1791337860,85286,85286.01,85267.5,85267.5,,,,,,,,,,,,
1791337920,85267.5,85267.51,85205.93,85205.94,,,,,,,,,,,,
1791337980,85205.93,85205.94,85150,85151.37,,,,,,,,,,,,
1791338040,85151.37,85160,85058.23,85058.24,,,,,,,,,,,,
1791338100,85058.23,85098.12,85000,85088.01,,,,,,,,,,,,
1791338160,85088,85088.01,85014.16,85026.64,,,,,,,,,,,,
1791338220,85026.31,85026.31,84774.85,84812.52,,,,,,,,,,,,
1791338280,84812.52,84812.53,84625.23,84635.64,,,,,,,,,,,,
1791338340,84635.63,84676.97,84372,84391.56,,,,,,,,,,,,
1791338400,84391.49,84533.27,84291.56,84304.98,,,,,,,,,,,,
1791338460,84304.98,84327.88,83615,83884.81,,,,,,,,,,,,
1791338520,83885.83,84227.42,83880.01,83888.4,,,,,,,,,,,,
1791338580,83888.39,83911.27,83653.16,83778.24,,,,,,,,,,,,
1791338640,83778.24,83910.63,83766,83833.94,,,,,,,,,,,,
1791338700,83833.93,83863.54,83616,83845.83,,,,,,,,,,,,
1791338760,83845.83,83869.97,83577,83686.25,,,,,,,,,,,,
1791338820,83687.68,83878.13,83638.7,83845.45,,,,,,,,,,,,
1791338880,83845.45,84025.04,83845.45,83996.87,,,,,,,,,,,,
1791338940,83996.86,84049.62,83900,83939.05,,,,,,,,,,,,
1791339000,83939.05,84087.17,83930,84081.42,,,,,,,,,,,,
1791339060,84081.42,84103.45,83980.46,84022.51,,,,,,,,,,,,
1791339120,84022.5,84039.3,83968.24,83986.98,,,,,,,,,,,,
1791339180,83986.97,83986.98,83917.46,83942.53,,,,,,,,,,,,
1791339240,83942.53,83964.87,83918,83942.07,,,,,,,,,,,,
1791339300,83942.07,83993.55,83900,83904.07,,,,,,,,,,,,
1791339360,83904.06,83948.39,83900,83948.39,,,,,,,,,,,,
1791339420,83948.39,84036.13,83940.92,84036.13,,,,,,,,,,,,
1791339480,84036.13,84070.29,84019.12,84070.29,,,,,,,,,,,,
1791339540,84070.28,84095.93,84045.34,84080.56,,,,,,,,,,,,
1791339600,84080.57,84097.69,84036.12,84039.98,,,,,,,,,,,,
1791339660,84039.98,84060.84,84039.98,84047.77,,,,,,,,,,,,
1791339720,84047.77,84072.52,83960,83960,,,,,,,,,,,,
1791339780,83960,83960,83818.45,83853.69,,,,,,,,,,,,
1791339840,83853.68,83879.18,83818.5,83854.39,,,,,,,,,,,,
1791339900,83854.38,83866.15,83818.45,83828.61,,,,,,,,,,,,
1791339960,83828.6,83828.6,83713.6,83749.95,,,,,,,,,,,,
1791340020,83749.96,83778.38,83713.6,83769.31,,,,,,,,,,,,
1791340080,83769.3,83827.36,83735.77,83827.36,,,,,,,,,,,,
1791340140,83827.36,83867.97,83819.04,83857.12,,,,,,,,,,,,
1791340200,83857.12,83872,83827.77,83871.93,,,,,,,,,,,,
1791340260,83871.94,83934.81,83840,83897.25,,,,,,,,,,,,
1791340320,83897.26,83908.59,83840,83846.71,,,,,,,,,,,,
1791340380,83846.71,83912.98,83840,83912.98,,,,,,,,,,,,
1791340440,83912.98,83921.76,83884.88,83920,,,,,,,,,,,,
1791340500,83920.01,83999.22,83920.01,83968.86,,,,,,,,,,,,
1791340560,83968.86,83989.07,83920.08,83978.8,,,,,,,,,,,,
1791340620,83978.79,83978.79,83857.2,83857.21,,,,,,,,,,,,
1791340680,83857.22,83909.95,83857.21,83876.15,,,,,,,,,,,,
1791340740,83876.16,83922.54,83866,83872.86,,,,,,,,,,,,
1791340800,83872.86,83872.87,83857.2,83860.23,,,,,,,,,,,,
1791340860,83860.23,83864.94,83840,83840,,,,,,,,,,,,
1791340920,83840.01,83848,83810,83810.01,,,,,,,,,,,,
1791340980,83810,83836.63,83802.49,83809.21,,,,,,,,,,,,
1791341040,83809.21,83828.13,83800,83816.01,,,,,,,,,,,,
1791341100,83816.01,83911.53,83808.36,83911.53,,,,,,,,,,,,
1791341160,83911.53,83940.52,83896.21,83898.01,,,,,,,,,,,,
1791341220,83898.02,83898.02,83824.35,83875,,,,,,,,,,,,
1791341280,83875.01,83892.6,83864.26,83880.5,,,,,,,,,,,,
1791341340,83880.5,83906.4,83858,83887.17,,,,,,,,,,,,
1791341400,83887.16,83920.43,83887.16,83920.42,,,,,,,,,,,,
1791341460,83920.43,83923.91,83865.53,83870.66,,,,,,,,,,,,
1791341520,83870.67,83884.75,83862,83865.99,,,,,,,,,,,,
1791341580,83866,83866,83832,83832.01,,,,,,,,,,,,
1791341640,83832,83868.36,83829.05,83868.35,,,,,,,,,,,,
1791341700,83868.36,83883.34,83866,83866,,,,,,,,,,,,
1791341760,83866,83866.01,83838,83862.41,,,,,,,,,,,,
1791341820,83862.41,83879.6,83851.41,83851.42,,,,,,,,,,,,
1791341880,83851.41,83879.4,83851.41,83879.4,,,,,,,,,,,,
1791341940,83879.39,83890.43,83858,83868.41,,,,,,,,,,,,
1791342000,83868.41,83906.02,83868.4,83906.02,,,,,,,,,,,,
1791342060,83906.01,83959.52,83906.01,83957,,,,,,,,,,,,
1791342120,83957,84042,83956.99,84032.79,,,,,,,,,,,,
1791342180,84032.78,84087.17,84030.44,84084.47,,,,,,,,,,,,
1791342240,84084.46,84089.73,84022,84022.01,,,,,,,,,,,,
1791342300,84022,84052.01,84004.01,84048.01,,,,,,,,,,,,
1791342360,84048.01,84062.01,84048.01,84062.01,,,,,,,,,,,,
1791342420,84062,84097.69,84062,84097.68,,,,,,,,,,,,
1791342480,84097.68,84099.53,84078,84099.53,,,,,,,,,,,,
1791342540,84099.53,84112.03,84091.59,84091.59,,,,,,,,,,,,
1791342600,84091.6,84091.6,84052,84072.91,,,,,,,,,,,,
1791342660,84072.9,84072.91,84059.23,84059.23,,,,,,,,,,,,
1791342720,84059.23,84059.24,84008,84008,,,,,,,,,,,,
1791342780,84008.01,84008.01,83979.68,83988.01,,,,,,,,,,,,
1791342840,83988.01,83988.02,83948.01,83956,,,,,,,,,,,,
1791342900,83956.01,83981.49,83956,83974.56,,,,,,,,,,,,
1791342960,83974.55,84030.01,83974.55,84030,,,,,,,,,,,,
1791343020,84030,84072.01,84030,84072,,,,,,,,,,,,
1791343080,84072,84118.03,84072,84098.01,,,,,,,,,,,,
1791343140,84098.01,84114.43,84093.22,84100,,,,,,,,,,,,
1791343200,84100.01,84100.01,84036.12,84036.13,,,,,,,,,,,,
1791343260,84036.12,84036.13,84001,84011.36,,,,,,,,,,,,
1791343320,84011.35,84011.36,83988,83992,,,,,,,,,,,,
1791343380,83992,84016.01,83992,84016,,,,,,,,,,,,
1791343440,84016.01,84037.09,84016,84037.08,,,,,,,,,,,,
1791343500,84037.08,84076.01,84037.08,84076.01,,,,,,,,,,,,
1791343560,84076.01,84076.01,84060.55,84067.04,,,,,,,,,,,,
1791343620,84067.04,84067.25,84012.2,84012.2,,,,,,,,,,,,
1791343680,84012.21,84033.47,83979.45,83979.46,,,,,,,,,,,,
1791343740,83979.45,83979.46,83975.89,83975.9,,,,,,,,,,,,
1791343800,83975.89,84021.83,83975.89,84016.01,,,,,,,,,,,,
1791343860,84016,84022.01,84016,84022.01,,,,,,,,,,,,
1791343920,84022.01,84066,84022,84032.08,,,,,,,,,,,,
1791343980,84032.09,84066.5,84031.19,84066.5,,,,,,,,,,,,
1791344040,84066.49,84076.01,84066.49,84076,,,,,,,,,,,,
1791344100,84076.01,84085.72,84076,84076.01,,,,,,,,,,,,
1791344160,84076,84097.69,84076,84097.69,,,,,,,,,,,,
1791344220,84097.69,84133.22,84097.68,84128.26,,,,,,,,,,,,
1791344280,84128.25,84128.26,84112,84120.01,,,,,,,,,,,,
1791344340,84120.01,84138.71,84120,84137.73,,,,,,,,,,,,
1791344400,84137.73,84137.74,84130.39,84134,,,,,,,,,,,,
1791344460,84134,84147.27,84134,84136.46,,,,,,,,,,,,
1791344520,84136.47,84147.32,84136.46,84138.2,,,,,,,,,,,,
1791344580,84138.2,84159.26,84138,84159.25,,,,,,,,,,,,
1791344640,84159.25,84159.26,84137.53,84137.54,,,,,,,,,,,,
1791344700,84137.53,84168.93,84137.53,84168.31,,,,,,,,,,,,
1791344760,84168.32,84184.01,84160.3,84166.03,,,,,,,,,,,,
1791344820,84166.02,84186.1,84156,84186.1,,,,,,,,,,,,
1791344880,84186.1,84206.89,84181.77,84206.89,,,,,,,,,,,,
1791344940,84206.88,84249.88,84206.88,84236.01,,,,,,,,,,,,
1791345000,84236.01,84236.02,84200.21,84200.22,,,,,,,,,,,,
1791345060,84200.21,84209.28,84200.21,84209.28,,,,,,,,,,,,
1791345120,84209.27,84240.01,84209.27,84240,,,,,,,,,,,,
1791345180,84240.01,84240.01,84232.01,84232.01,,,,,,,,,,,,
1791345240,84232.01,84232.02,84210.02,84210.02,,,,,,,,,,,,
1791345300,84210.02,84215.13,84200.22,84215.13,,,,,,,,,,,,
1791345360,84215.13,84219.85,84215.12,84216.01,,,,,,,,,,,,
1791345420,84216,84216.01,84170,84170.01,,,,,,,,,,,,
1791345480,84170,84170.01,84156.01,84156.02,,,,,,,,,,,,
1791345540,84156.02,84156.02,84130.03,84150.39,,,,,,,,,,,,
1791345600,84150.39,84170,84142,84168,,,,,,,,,,,,
1791345660,84168.01,84194.62,84168,84191.37,,,,,,,,,,,,
1791345720,84191.37,84200,84182,84187.5,,,,,,,,,,,,
1791345780,84187.5,84219.68,84178,84212.01,,,,,,,,,,,,
1791345840,84212.01,84219.67,84212,84219.67,,,,,,,,,,,,
1791345900,84219.66,84219.67,84153,84153,,,,,,,,,,,,
1791345960,84153,84160.01,84150,84160.01,,,,,,,,,,,,
1791346020,84160.01,84160.01,84110.02,84110.03,,,,,,,,,,,,
1791346080,84110.03,84110.03,84100,84100,,,,,,,,,,,,
1791346140,84100.01,84148.14,84100,84148.13,,,,,,,,,,,,
1791346200,84148.14,84148.14,84148.13,84148.13,,,,,,,,,,,,
1791346260,84148.14,84148.14,84146.78,84146.78,,,,,,,,,,,,
1791346320,84146.78,84148.99,84138,84138.01,,,,,,,,,,,,
1791346380,84138.01,84147.51,84138,84147.51,,,,,,,,,,,,
1791346440,84147.51,84150.01,84147.5,84150.01,,,,,,,,,,,,
1791346500,84150.01,84150.01,84138.01,84138.01,,,,,,,,,,,,
1791346560,84138.01,84138.02,84100,84100.01,,,,,,,,,,,,
1791346620,84100,84106.73,84069.36,84106.72,,,,,,,,,,,,
1791346680,84106.72,84106.73,84066.96,84086.64,,,,,,,,,,,,
1791346740,84086.65,84108.27,84086.64,84097.7,,,,,,,,,,,,
1791346800,84097.69,84097.7,84054.26,84054.27,,,,,,,,,,,,
1791346860,84054.27,84119.3,84050.02,84112,,,,,,,,,,,,
1791346920,84112,84112.01,84090.01,84096,,,,,,,,,,,,
1791346980,84096.01,84116.01,84096,84116,,,,,,,,,,,,
1791347040,84116.01,84116.01,84097.68,84108,,,,,,,,,,,,
1791347100,84108.01,84158.76,84108,84158.75,,,,,,,,,,,,
1791347160,84158.75,84174.01,84140,84174.01,,,,,,,,,,,,
1791347220,84174,84174.01,84148,84150.01,,,,,,,,,,,,
1791347280,84150,84171.69,84138,84138.01,,,,,,,,,,,,
1791347340,84138,84149.84,84138,84149.83,,,,,,,,,,,,
1791347400,84149.84,84149.84,84114.01,84114.02,,,,,,,,,,,,
1791347460,84114.01,84123.82,84094.55,84106,,,,,,,,,,,,
1791347520,84106,84106.01,84050,84050,,,,,,,,,,,,
1791347580,84050,84064.01,84050,84064.01,,,,,,,,,,,,
1791347640,84064,84089.09,84064,84084,,,,,,,,,,,,
1791347700,84084.01,84090.86,84068.38,84068.39,,,,,,,,,,,,
1791347760,84068.39,84144.01,84068.38,84124.33,,,,,,,,,,,,
1791347820,84124.33,84124.33,84096,84098,,,,,,,,,,,,
1791347880,84098,84118.88,84098,84116,,,,,,,,,,,,
1791347940,84116.01,84132.01,84112,84112.02,,,,,,,,,,,,
1791348000,84112.01,84112.02,84092,84092,,,,,,,,,,,,
1791348060,84092,84110.42,84074.14,84110.41,,,,,,,,,,,,
1791348120,84110.41,84118.01,84088,84088,,,,,,,,,,,,
1791348180,84088.01,84088.01,84044,84044.01,,,,,,,,,,,,
1791348240,84044.01,84119.44,84044,84117.27,,,,,,,,,,,,
1791348300,84117.26,84120.09,84104,84110,,,,,,,,,,,,
1791348360,84110,84120.01,84110,84120.01,,,,,,,,,,,,
1791348420,84120.01,84133.95,84120,84133.94,,,,,,,,,,,,
1791348480,84133.95,84133.95,84112.12,84116.56,,,,,,,,,,,,
1791348540,84116.57,84136.01,84116.57,84135.36,,,,,,,,,,,,
1791348600,84135.35,84174.01,84135.35,84149.39,,,,,,,,,,,,
1791348660,84149.39,84163.93,84149.39,84163.92,,,,,,,,,,,,
1791348720,84163.93,84163.93,84154,84154.01,,,,,,,,,,,,
1791348780,84154.01,84180.95,84143.23,84143.23,,,,,,,,,,,,
1791348840,84143.23,84143.23,84132,84132.01,,,,,,,,,,,,
1791348900,84132,84132.01,84100,84100,,,,,,,,,,,,
1791348960,84100.01,84100.01,84086.78,84092.9,,,,,,,,,,,,
1791349020,84092.9,84106.94,84092.9,84106.93,,,,,,,,,,,,
1791349080,84106.93,84106.94,84097.68,84097.69,,,,,,,,,,,,
1791349140,84097.69,84103.07,84097.68,84103.06,,,,,,,,,,,,
1791349200,84103.07,84117.53,84103.06,84108.14,,,,,,,,,,,,
1791349260,84108.14,84108.65,84105.18,84105.19,,,,,,,,,,,,
1791349320,84105.19,84138.16,84105.18,84134.01,,,,,,,,,,,,
1791349380,84134.01,84134.86,84130,84130.01,,,,,,,,,,,,
1791349440,84130,84130.01,84100,84100,0,0,0,0,,0,1,0,84100,0,0,1791349440000
1791349500,84100.01,84140.01,84084.47,84140.01,0,0,0,0,,1,1,0,84140.01,1,1,1791349500000
1791349560,84140.01,84140.01,84126,84136.33,0,0,0,0,,2,1,0,84136.33,2,2,1791349560000
1791349620,84136.34,84149.04,84136.33,84149.04,0,0,0,0,,3,1,0,84149.04,3,3,1791349620000
1791349680,84149.03,84155.79,84149.03,84155.78,0,0,0,0,,4,1,0,84155.78,4,4,1791349680000
1791349740,84155.79,84200.01,84155.78,84200,0,0,0,0,,5,1,0,84200,5,5,1791349740000
1791349800,84200.01,84208.87,84190.01,84190.02,0,0,0,0,,6,1,0,84190.02,6,6,1791349800000
1791349860,84190.01,84216.86,84190.01,84208.56,0,0,0,0,,7,1,0,84208.56,7,7,1791349860000
1791349920,84208.56,84210.5,84160.2,84160.21,0,0,0,0,,8,1,0,84160.21,8,8,1791349920000
1791349980,84160.2,84177.14,84160.2,84177.13,0,0,0,0,,9,1,0,84177.13,9,9,1791349980000
1791350040,84177.14,84189.72,84171.61,84175.05,0,0,0,0,,10,1,0,84175.05,10,10,1791350040000
1791350100,84175.05,84186.96,84175.05,84186,0,0,0,0,,11,1,0,84186,11,11,1791350100000
1791350160,84186.01,84186.01,84170,84170,0,0,0,0,,12,1,0,84170,12,12,1791350160000
1791350220,84170,84170.01,84170,84170.01,0,0,0,0,,13,1,0,84170.01,13,13,1791350220000
1791350280,84170.01,84181.51,84170,84181.5,0,0,0,0,,14,1,0,84181.5,14,14,1791350280000
1791350340,84181.51,84186.96,84181.5,84186.96,0,0,0,0,,15,1,0,84186.96,15,15,1791350340000
1791350400,84186.96,84207.88,84186.96,84207.87,0,0,0,0,,16,1,0,84207.87,16,16,1791350400000
1791350460,84207.87,84218.01,84207.87,84218.01,0,0,0,0,,17,1,0,84218.01,17,17,1791350460000
1791350520,84218,84233.35,84218,84233.35,0,0,0,0,,18,1,0,84233.35,18,18,1791350520000
1791350580,84233.35,84244.01,84233.34,84234.74,0,0,0,0,,19,1,0,84234.74,19,19,1791350580000
1791350640,84234.75,84234.75,84216.95,84230.29,0,0,0,0,,20,1,0,84230.29,20,20,1791350640000
1791350700,84230.29,84230.29,84219.48,84219.49,0,0,0,0,,21,1,0,84219.49,21,21,1791350700000
1791350760,84219.49,84227.39,84219.48,84226.01,0,0,0,0,,22,1,0,84226.01,22,22,1791350760000
1791350820,84226.01,84234.01,84226.01,84230.27,0,0,0,0,,23,1,0,84230.27,23,23,1791350820000
1791350880,84230.27,84230.28,84226,84226,0,0,0,0,,24,1,0,84226,24,24,1791350880000
1791350940,84226,84226.01,84194,84194,0,0,0,0,,25,1,0,84194,25,25,1791350940000
1791351000,84194.01,84197.75,84194,84197.74,0,0,0,0,,26,1,0,84197.74,26,26,1791351000000
1791351060,84197.74,84240.01,84197.74,84240,0,0,0,0,,27,1,0,84240,27,27,1791351060000
1791351120,84240.01,84249.88,84240,84249.87,0,0,0,0,,28,1,0,84249.87,28,28,1791351120000
1791351180,84249.88,84249.88,84240.21,84240.22,0,0,0,0,,29,1,0,84240.22,29,29,1791351180000
1791351240,84240.22,84240.22,84221.06,84221.06,0,0,0,0,,30,1,0,84221.06,30,30,1791351240000
1791351300,84221.06,84231.91,84214.71,84220.05,1,32,1,32,31,31,1,1,84220.05,31,31,1791351300000
1791351360,84220.05,84220.05,84188,84188.01,1,32,1,59,31,32,0,1,84188.01,32,32,1791351360000