time,open,high,low,close,volume,III_BUILTIN,WVAD_BUILTIN,III_NA,WVAD_NA,III_NZ_SENTINEL,WVAD_NZ_SENTINEL,INPUT_RANGE,ELIGIBLE_FLAT_POSITIVE_VOLUME,RECOVERY_AFTER_ELIGIBLE_FLAT,VOLUME_NA,PRICE_NA,FORMULA_ONLY_III,FORMULA_ONLY_WVAD,INPUT_OPEN,INPUT_HIGH,INPUT_LOW,INPUT_CLOSE,INPUT_VOLUME,SAMPLE_INDEX,SOURCE_INDEX,SOURCE_TIME,CAPTURE_IS_OPEN_BAR
1791348840,84143.23,84143.23,84100,84100,,-25.81208,-25.81208,0,0,-25.81208,-25.81208,43.229999999995925,0,0,0,0,,,84143.23,84143.23,84100,84100,25.81208,0,0,1791348840000,0
1791348960,84100.01,84106.94,84086.78,84106.93,,9.512813313483266,3.26855353174464,0,0,9.512813313483266,3.26855353174464,20.160000000003492,0,0,0,0,,,84100.01,84106.94,84086.78,84106.93,9.52226,1,1,1791348960000,0
1791349080,84106.93,84106.94,84097.68,84103.06,,0.7702953563707154,-1.9873620194340547,0,0,0.7702953563707154,-1.9873620194340547,9.260000000009313,0,0,0,0,,,84106.93,84106.94,84097.68,84103.06,4.75529,2,2,1791349080000,0
1791349200,84103.07,84117.53,84103.06,84105.19,,-7.393945114022529,1.535275577052482,0,0,-7.393945114022529,1.535275577052482,14.470000000001164,0,0,0,0,,,84103.07,84117.53,84103.06,84105.19,10.47898,3,3,1791349200000,0
1791349320,84105.19,84138.16,84105.18,84130.01,,6.745112819885875,10.036792577313339,0,0,6.745112819885875,10.036792577313339,32.98000000001048,0,0,0,0,,,84105.19,84138.16,84105.18,84130.01,13.33656,4,4,1791349320000,0
1791349440,84130,84140.01,84084.47,84140.01,,28.7438,5.1805084263572665,0,0,28.7438,5.1805084263572665,55.5399999999936,0,0,0,0,,,84130,84140.01,84084.47,84140.01,28.7438,5,5,1791349440000,0
1791349560,84140.01,84149.04,84126,84149.04,,8.25951,3.237125664062982,0,0,8.25951,3.237125664062982,23.039999999993597,0,0,0,0,,,84140.01,84149.04,84126,84149.04,8.25951,6,6,1791349560000,0
1791349680,84149.03,84200.01,84149.03,84200,,9.748733966263284,9.750646983131642,0,0,9.748733966263284,9.750646983131642,50.979999999995925,0,0,0,0,,,84149.03,84200.01,84149.03,84200,9.75256,7,7,1791349680000,0
1791349800,84200.01,84216.86,84190.01,84208.56,,7.964677560519688,6.643706648045514,0,0,7.964677560519688,6.643706648045514,26.85000000000582,0,0,0,0,,,84200.01,84216.86,84190.01,84208.56,20.86357,8,8,1791349800000,0
1791349920,84208.56,84210.5,84160.2,84177.13,,-6.353801797211608,-12.147201367789837,0,0,-6.353801797211608,-12.147201367789837,50.30000000000291,0,0,0,0,,,84208.56,84210.5,84160.2,84177.13,19.44016,9,9,1791349920000,0
1791350040,84177.14,84189.72,84171.61,84186,,6.884430115956686,5.7165933296523175,0,0,6.884430115956686,5.7165933296523175,18.110000000000582,0,0,0,0,,,84177.14,84189.72,84171.61,84186,11.68482,10,10,1791350040000,0
1791350160,84186.01,84186.01,84170,84170.01,,-7.668048944414766,-7.672844472207382,0,0,-7.668048944414766,-7.672844472207382,16.00999999999476,0,0,0,0,,,84186.01,84186.01,84170,84170.01,7.67764,11,11,1791350160000,0
1791350280,84170.01,84186.96,84170,84186.96,,8.71994,8.71479852594609,0,0,8.71994,8.71479852594609,16.960000000006403,0,0,0,0,,,84170.01,84186.96,84170,84186.96,8.71994,12,12,1791350280000,0
1791350400,84186.96,84218.01,84186.96,84218.01,,9.28407,9.28407,0,0,9.28407,9.28407,31.04999999998836,0,0,0,0,,,84186.96,84218.01,84186.96,84218.01,9.28407,13,13,1791350400000,0
1791350520,84218,84244.01,84218,84234.74,,4.505886193782014,10.097528096891008,0,0,4.505886193782014,10.097528096891008,26.00999999999476,0,0,0,0,,,84218,84244.01,84218,84234.74,15.68917,14,14,1791350520000,0
1791350640,84234.75,84234.75,84216.95,84219.49,,-13.243670966276031,-15.888240483138015,0,0,-13.243670966276031,-15.888240483138015,17.80000000000291,0,0,0,0,,,84234.75,84234.75,84216.95,84219.49,18.53281,15,15,1791350640000,0
1791350760,84219.49,84234.01,84219.48,84230.27,,6.858417584325864,10.487055540261235,0,0,6.858417584325864,10.487055540261235,14.529999999998836,0,0,0,0,,,84219.49,84234.01,84219.48,84230.27,14.13515,16,16,1791350760000,0
1791350880,84230.27,84230.28,84194,84194,,-14.90327,-14.899162152703363,0,0,-14.90327,-14.899162152703363,36.279999999998836,0,0,0,0,,,84230.27,84230.28,84194,84194,14.90327,17,17,1791350880000,0
1791351000,84194.01,84240.01,84194,84240,,9.625254196915908,9.625254196915908,0,0,9.625254196915908,9.625254196915908,46.00999999999476,0,0,0,0,,,84194.01,84240.01,84194,84240,9.62944,18,18,1791351000000,0
1791351120,84240.01,84249.88,84240,84240.22,,-12.875558056677269,0.286426609320339,0,0,-12.875558056677269,0.286426609320339,9.880000000004657,0,0,0,0,,,84240.01,84249.88,84240,84240.22,13.47569,19,19,1791351120000,0
1791351240,84240.22,84240.22,84214.71,84220.05,,-7.276379321836926,-9.896464660918463,0,0,-7.276379321836926,-9.896464660918463,25.50999999999476,0,0,0,0,,,84240.22,84240.22,84214.71,84220.05,12.51655,20,20,1791351240000,0
1791351360,84220.05,84220.05,84176.14,84186.01,,-4.815956442725922,-6.7825882213629605,0,0,-4.815956442725922,-6.7825882213629605,43.91000000000349,0,0,0,0,,,84220.05,84220.05,84176.14,84186.01,8.74922,21,21,1791351360000,0
1791351480,84186,84198.01,84186,84198,,10.813252880941997,10.822271440470999,0,0,10.813252880941997,10.822271440470999,12.009999999994761,0,0,0,0,,,84186,84198.01,84186,84198,10.83129,22,22,1791351480000,0
1791351600,84198.01,84242.01,84198,84242,,10.4909702931177,10.4909702931177,0,0,10.4909702931177,10.4909702931177,44.00999999999476,0,0,0,0,,,84198.01,84242.01,84198,84242,10.49574,23,23,1791351600000,0
1791351720,84242,84242.01,84212,84212,,-15.43428,-15.429136954351243,0,0,-15.43428,-15.429136954351243,30.00999999999476,0,0,0,0,,,84242,84242.01,84212,84212,15.43428,24,24,1791351720000,0
1791351840,84212,84233.68,84212,84228.68,,6.27785992619753,8.965299963098765,0,0,6.27785992619753,8.965299963098765,21.679999999993015,0,0,0,0,,,84212,84233.68,84212,84228.68,11.65274,25,25,1791351840000,0
1791351960,84228.69,84258.01,84228.68,84258,,14.385953586776369,14.385953586769226,0,0,14.385953586776369,14.385953586769226,29.330000000001746,0,0,0,0,,,84228.69,84258.01,84228.68,84258,14.39577,26,26,1791351960000,0
1791352080,84258.01,84291.4,84256,84291.39,,19.448455960457736,18.349052005655295,0,0,19.448455960457736,18.349052005655295,35.39999999999418,0,0,0,0,,,84258.01,84291.4,84256,84291.39,19.45945,27,27,1791352080000,0
1791352200,84291.39,84320,84291.39,84296.34,,-9.45257843761227,2.500815781193865,0,0,-9.45257843761227,2.500815781193865,28.610000000000582,0,0,0,0,,,84291.39,84320,84291.39,84296.34,14.45421,28,28,1791352200000,0
1791352320,84296.33,84308.01,84267.19,84267.19,,-28.2093,-20.13765316021891,0,0,-28.2093,-20.13765316021891,40.81999999999243,0,0,0,0,,,84296.33,84308.01,84267.19,84267.19,28.2093,29,29,1791352320000,0
1791352440,84267.2,84317.26,84267.19,84303.49,,7.54320328940047,12.150148574000971,0,0,7.54320328940047,12.150148574000971,50.06999999999243,0,0,0,0,,,84267.2,84317.26,84267.19,84303.49,16.76379,30,30,1791352440000,0
1791352560,84303.48,84303.49,84300.02,84300.03,,-2.01741484150469,-2.0174148414961808,0,0,-2.01741484150469,-2.0174148414961808,3.470000000001164,0,0,0,0,,,84303.48,84303.49,84300.02,84300.03,2.02911,31,31,1791352560000,1
