time,open,high,low,close,volume,CONSUMER,TARGET,INDEX,CONTROL_CLOSE,CAPTURE_IS_OPEN_BAR
1791348720,84163.93,84180.95,84143.23,84143.23,,1,1,0,84143.23,0
1791348840,84143.23,84143.23,84100,84100,,1,1,1,84100,0
1791348960,84100.01,84106.94,84086.78,84106.93,,1,1,2,84106.93,0
1791349080,84106.93,84106.94,84097.68,84103.06,,1,1,3,84103.06,0
1791349200,84103.07,84117.53,84103.06,84105.19,,1,1,4,84105.19,0
1791349320,84105.19,84138.16,84105.18,84130.01,,1,1,5,84130.01,0
1791349440,84130,84140.01,84084.47,84140.01,,1,1,6,84140.01,0
1791349560,84140.01,84149.04,84126,84149.04,,1,1,7,84149.04,0
1791349680,84149.03,84200.01,84149.03,84200,,1,1,8,84200,0
1791349800,84200.01,84216.86,84190.01,84208.56,,1,1,9,84208.56,0
1791349920,84208.56,84210.5,84160.2,84177.13,,1,1,10,84177.13,0
1791350040,84177.14,84189.72,84171.61,84186,,1,1,11,84186,0
1791350160,84186.01,84186.01,84170,84170.01,,1,1,12,84170.01,0
1791350280,84170.01,84186.96,84170,84186.96,,1,1,13,84186.96,0
1791350400,84186.96,84218.01,84186.96,84218.01,,1,1,14,84218.01,0
1791350520,84218,84244.01,84218,84234.74,,1,1,15,84234.74,0
1791350640,84234.75,84234.75,84216.95,84219.49,,1,1,16,84219.49,0
1791350760,84219.49,84234.01,84219.48,84230.27,,1,1,17,84230.27,0
1791350880,84230.27,84230.28,84194,84194,,1,1,18,84194,0
1791351000,84194.01,84240.01,84194,84240,,1,1,19,84240,0
1791351120,84240.01,84249.88,84240,84240.22,,1,1,20,84240.22,0
1791351240,84240.22,84240.22,84214.71,84220.05,,1,1,21,84220.05,0
1791351360,84220.05,84220.05,84176.14,84186.01,,1,1,22,84186.01,0
1791351480,84186,84198.01,84186,84198,,1,1,23,84198,0
1791351600,84198.01,84242.01,84198,84242,,1,1,24,84242,0
1791351720,84242,84242.01,84212,84212,,1,1,25,84212,0
1791351840,84212,84233.68,84212,84228.68,,1,1,26,84228.68,0
1791351960,84228.69,84258.01,84228.68,84258,,1,1,27,84258,0
1791352080,84258.01,84291.4,84256,84291.39,,1,1,28,84291.39,0
1791352200,84291.39,84320,84291.39,84296.34,,1,1,29,84296.34,0
1791352320,84296.33,84308.01,84267.19,84267.19,,1,1,30,84267.19,0
1791352440,84267.2,84304.99,84267.19,84304.38,,1,1,31,84304.38,1
