time,open,high,low,close,INPUT_HLC3,SOURCE_NA,VOLUME_NA,ELIGIBLE_MISSING_INPUT,FINITE_AFTER_MISSING,VWAP_VARIABLE,VWAP_NA,VWAP_NZ_SENTINEL,PREVIOUS_VWAP,TRADING_DAY,INPUT_OPEN,INPUT_HIGH,INPUT_LOW,INPUT_CLOSE,INPUT_VOLUME,SAMPLE_INDEX,SOURCE_INDEX,SOURCE_TIME
1791310920,101.823,101.836,101.823,101.835,,,,,,,,,,,,,,,,,,
1791311040,101.838,101.84,101.833,101.834,,,,,,,,,,,,,,,,,,
1791311160,101.836,101.838,101.83,101.837,,,,,,,,,,,,,,,,,,
1791311280,101.836,101.841,101.834,101.839,,,,,,,,,,,,,,,,,,
1791311400,101.839,101.851,101.838,101.851,,,,,,,,,,,,,,,,,,
1791311520,101.851,101.851,101.846,101.85,,,,,,,,,,,,,,,,,,
1791311640,101.849,101.857,101.849,101.852,,,,,,,,,,,,,,,,,,
1791311760,101.855,101.866,101.855,101.857,,,,,,,,,,,,,,,,,,
1791311880,101.856,101.864,101.853,101.864,,,,,,,,,,,,,,,,,,
1791312000,101.86,101.867,101.856,101.866,,,,,,,,,,,,,,,,,,
1791312120,101.866,101.866,101.857,101.861,,,,,,,,,,,,,,,,,,
1791312240,101.863,101.865,101.858,101.864,,,,,,,,,,,,,,,,,,
1791312360,101.864,101.864,101.854,101.857,,,,,,,,,,,,,,,,,,
1791312480,101.858,101.858,101.849,101.857,,,,,,,,,,,,,,,,,,
1791312600,101.861,101.861,101.856,101.858,,,,,,,,,,,,,,,,,,
1791312720,101.86,101.86,101.854,101.857,,,,,,,,,,,,,,,,,,
1791312840,101.856,101.859,101.851,101.857,,,,,,,,,,,,,,,,,,
1791312960,101.858,101.858,101.843,101.843,,,,,,,,,,,,,,,,,,
1791313080,101.84,101.841,101.831,101.833,,,,,,,,,,,,,,,,,,
1791313200,101.832,101.832,101.82,101.83,,,,,,,,,,,,,,,,,,
1791313320,101.83,101.837,101.826,101.837,,,,,,,,,,,,,,,,,,
1791313440,101.838,101.844,101.834,101.834,,,,,,,,,,,,,,,,,,
1791313560,101.835,101.841,101.831,101.841,,,,,,,,,,,,,,,,,,
1791313680,101.841,101.841,101.837,101.838,,,,,,,,,,,,,,,,,,
1791313800,101.84,101.841,101.836,101.841,,,,,,,,,,,,,,,,,,
1791313920,101.838,101.844,101.838,101.841,,,,,,,,,,,,,,,,,,
1791314040,101.84,101.841,101.836,101.839,,,,,,,,,,,,,,,,,,
1791314160,101.841,101.841,101.831,101.833,,,,,,,,,,,,,,,,,,
1791314280,101.835,101.845,101.834,101.834,,,,,,,,,,,,,,,,,,
1791314400,101.839,101.839,101.83,101.83,,,,,,,,,,,,,,,,,,
1791314520,101.834,101.836,101.832,101.832,,,,,,,,,,,,,,,,,,
1791314640,101.833,101.836,101.831,101.836,,,,,,,,,,,,,,,,,,
1791314760,101.837,101.839,101.833,101.837,,,,,,,,,,,,,,,,,,
1791314880,101.836,101.844,101.835,101.844,,,,,,,,,,,,,,,,,,
1791315000,101.841,101.842,101.837,101.84,,,,,,,,,,,,,,,,,,
1791315120,101.841,101.851,101.841,101.851,,,,,,,,,,,,,,,,,,
1791315240,101.851,101.861,101.85,101.858,,,,,,,,,,,,,,,,,,
1791315360,101.858,101.86,101.856,101.86,,,,,,,,,,,,,,,,,,
1791315480,101.86,101.864,101.851,101.854,,,,,,,,,,,,,,,,,,
1791315600,101.854,101.859,101.853,101.857,,,,,,,,,,,,,,,,,,
1791315720,101.857,101.857,101.853,101.856,,,,,,,,,,,,,,,,,,
1791315840,101.856,101.86,101.851,101.858,,,,,,,,,,,,,,,,,,
1791315960,101.861,101.867,101.859,101.862,,,,,,,,,,,,,,,,,,
1791316080,101.861,101.867,101.861,101.862,,,,,,,,,,,,,,,,,,
1791316200,101.861,101.868,101.861,101.864,,,,,,,,,,,,,,,,,,
1791316320,101.865,101.866,101.861,101.861,,,,,,,,,,,,,,,,,,
1791316440,101.859,101.859,101.85,101.85,,,,,,,,,,,,,,,,,,
1791316560,101.854,101.854,101.842,101.845,,,,,,,,,,,,,,,,,,
1791316680,101.846,101.853,101.843,101.847,,,,,,,,,,,,,,,,,,
1791316800,101.848,101.854,101.847,101.853,,,,,,,,,,,,,,,,,,
1791316920,101.854,101.854,101.846,101.849,,,,,,,,,,,,,,,,,,
1791317040,101.846,101.851,101.844,101.849,,,,,,,,,,,,,,,,,,
1791317160,101.848,101.857,101.846,101.857,,,,,,,,,,,,,,,,,,
1791317280,101.855,101.855,101.848,101.848,,,,,,,,,,,,,,,,,,
1791317400,101.849,101.851,101.834,101.845,,,,,,,,,,,,,,,,,,
1791317520,101.844,101.847,101.844,101.846,,,,,,,,,,,,,,,,,,
1791317640,101.843,101.849,101.843,101.848,,,,,,,,,,,,,,,,,,
1791317760,101.848,101.85,101.845,101.848,,,,,,,,,,,,,,,,,,
1791317880,101.848,101.85,101.846,101.849,,,,,,,,,,,,,,,,,,
1791318000,101.85,101.853,101.843,101.849,,,,,,,,,,,,,,,,,,
1791318120,101.85,101.851,101.848,101.851,,,,,,,,,,,,,,,,,,
1791318240,101.849,101.854,101.846,101.852,,,,,,,,,,,,,,,,,,
1791318360,101.85,101.853,101.845,101.845,,,,,,,,,,,,,,,,,,
1791318480,101.843,101.844,101.842,101.843,,,,,,,,,,,,,,,,,,
1791318600,101.844,101.852,101.844,101.851,,,,,,,,,,,,,,,,,,
1791318720,101.854,101.86,101.853,101.855,,,,,,,,,,,,,,,,,,
1791318840,101.86,101.86,101.855,101.86,,,,,,,,,,,,,,,,,,
1791318960,101.862,101.862,101.853,101.855,,,,,,,,,,,,,,,,,,
1791319080,101.854,101.86,101.854,101.86,,,,,,,,,,,,,,,,,,
1791319200,101.857,101.868,101.857,101.863,,,,,,,,,,,,,,,,,,
1791319320,101.865,101.868,101.864,101.866,,,,,,,,,,,,,,,,,,
1791319440,101.867,101.873,101.863,101.863,,,,,,,,,,,,,,,,,,
1791319560,101.864,101.867,101.861,101.862,,,,,,,,,,,,,,,,,,
1791319680,101.862,101.863,101.858,101.863,,,,,,,,,,,,,,,,,,
1791319800,101.861,101.861,101.858,101.859,,,,,,,,,,,,,,,,,,
1791319920,101.854,101.858,101.851,101.855,,,,,,,,,,,,,,,,,,
1791320040,101.854,101.857,101.85,101.85,,,,,,,,,,,,,,,,,,
1791320160,101.849,101.854,101.847,101.847,,,,,,,,,,,,,,,,,,
1791320280,101.847,101.85,101.84,101.841,,,,,,,,,,,,,,,,,,
1791320400,101.845,101.856,101.845,101.854,,,,,,,,,,,,,,,,,,
1791320520,101.854,101.854,101.847,101.847,,,,,,,,,,,,,,,,,,
1791320640,101.846,101.853,101.846,101.853,,,,,,,,,,,,,,,,,,
1791320760,101.85,101.85,101.85,101.85,,,,,,,,,,,,,,,,,,
1791320880,101.856,101.86,101.855,101.859,,,,,,,,,,,,,,,,,,
1791321000,101.859,101.859,101.851,101.851,,,,,,,,,,,,,,,,,,
1791321120,101.849,101.859,101.849,101.857,,,,,,,,,,,,,,,,,,
1791321240,101.862,101.862,101.856,101.861,,,,,,,,,,,,,,,,,,
1791321360,101.861,101.865,101.858,101.862,,,,,,,,,,,,,,,,,,
1791321480,101.858,101.863,101.857,101.86,,,,,,,,,,,,,,,,,,
1791321600,101.862,101.863,101.859,101.86,,,,,,,,,,,,,,,,,,
1791321720,101.86,101.863,101.858,101.858,,,,,,,,,,,,,,,,,,
1791321840,101.86,101.86,101.855,101.855,,,,,,,,,,,,,,,,,,
1791321960,101.859,101.859,101.857,101.857,,,,,,,,,,,,,,,,,,
1791322080,101.859,101.864,101.857,101.861,,,,,,,,,,,,,,,,,,
1791322200,101.86,101.862,101.856,101.858,,,,,,,,,,,,,,,,,,
1791322320,101.856,101.861,101.855,101.861,,,,,,,,,,,,,,,,,,
1791322440,101.86,101.864,101.856,101.856,,,,,,,,,,,,,,,,,,
1791322560,101.859,101.862,101.855,101.857,,,,,,,,,,,,,,,,,,
1791322680,101.856,101.86,101.852,101.852,,,,,,,,,,,,,,,,,,
1791322800,101.853,101.855,101.846,101.846,,,,,,,,,,,,,,,,,,
1791322920,101.846,101.849,101.843,101.845,,,,,,,,,,,,,,,,,,
1791323040,101.846,101.849,101.845,101.848,,,,,,,,,,,,,,,,,,
1791323160,101.847,101.85,101.843,101.85,,,,,,,,,,,,,,,,,,
1791323280,101.852,101.852,101.836,101.837,,,,,,,,,,,,,,,,,,
1791323400,101.834,101.839,101.829,101.83,,,,,,,,,,,,,,,,,,
1791323520,101.831,101.844,101.83,101.843,,,,,,,,,,,,,,,,,,
1791323640,101.842,101.846,101.839,101.842,,,,,,,,,,,,,,,,,,
1791323760,101.842,101.848,101.84,101.845,,,,,,,,,,,,,,,,,,
1791323880,101.848,101.848,101.842,101.847,,,,,,,,,,,,,,,,,,
1791324000,101.846,101.846,101.822,101.838,,,,,,,,,,,,,,,,,,
1791324120,101.842,101.847,101.837,101.845,,,,,,,,,,,,,,,,,,
1791324240,101.845,101.845,101.845,101.845,,,,,,,,,,,,,,,,,,
1791329520,101.885,101.885,101.885,101.885,,,,,,,,,,,,,,,,,,
1791330240,101.917,101.92,101.915,101.915,,,,,,,,,,,,,,,,,,
1791330360,101.914,101.92,101.914,101.915,,,,,,,,,,,,,,,,,,
1791330480,101.916,101.918,101.909,101.913,,,,,,,,,,,,,,,,,,
1791330600,101.912,101.912,101.908,101.908,,,,,,,,,,,,,,,,,,
1791330720,101.906,101.908,101.903,101.903,,,,,,,,,,,,,,,,,,
1791330840,101.902,101.909,101.902,101.905,,,,,,,,,,,,,,,,,,
1791330960,101.904,101.913,101.904,101.912,,,,,,,,,,,,,,,,,,
1791331080,101.911,101.917,101.91,101.914,,,,,,,,,,,,,,,,,,
1791331200,101.915,101.926,101.907,101.91,,,,,,,,,,,,,,,,,,
1791331320,101.912,101.922,101.902,101.921,,,,,,,,,,,,,,,,,,
1791331440,101.921,101.934,101.919,101.929,,,,,,,,,,,,,,,,,,
1791331560,101.931,101.938,101.926,101.937,,,,,,,,,,,,,,,,,,
1791331680,101.938,101.943,101.932,101.938,,,,,,,,,,,,,,,,,,
1791331800,101.939,101.939,101.931,101.931,,,,,,,,,,,,,,,,,,
1791331920,101.931,101.932,101.923,101.931,,,,,,,,,,,,,,,,,,
1791332040,101.935,101.937,101.927,101.927,,,,,,,,,,,,,,,,,,
1791332160,101.93,101.931,101.923,101.927,,,,,,,,,,,,,,,,,,
1791332280,101.931,101.936,101.927,101.931,,,,,,,,,,,,,,,,,,
1791332400,101.935,101.939,101.93,101.937,,,,,,,,,,,,,,,,,,
1791332520,101.94,101.943,101.928,101.931,,,,,,,,,,,,,,,,,,
1791332640,101.933,101.941,101.926,101.937,,,,,,,,,,,,,,,,,,
1791332760,101.936,101.947,101.936,101.943,,,,,,,,,,,,,,,,,,
1791332880,101.947,101.949,101.942,101.948,,,,,,,,,,,,,,,,,,
1791333000,101.949,101.95,101.942,101.946,,,,,,,,,,,,,,,,,,
1791333120,101.945,101.953,101.944,101.95,,,,,,,,,,,,,,,,,,
1791333240,101.949,101.952,101.945,101.952,,,,,,,,,,,,,,,,,,
1791333360,101.949,101.952,101.938,101.938,,,,,,,,,,,,,,,,,,
1791333480,101.942,101.943,101.928,101.943,,,,,,,,,,,,,,,,,,
1791333600,101.944,101.944,101.936,101.937,,,,,,,,,,,,,,,,,,
1791333720,101.943,101.943,101.936,101.939,,,,,,,,,,,,,,,,,,
1791333840,101.937,101.941,101.935,101.939,,,,,,,,,,,,,,,,,,
1791333960,101.943,101.943,101.933,101.935,,,,,,,,,,,,,,,,,,
1791334080,101.935,101.941,101.93,101.938,,,,,,,,,,,,,,,,,,
1791334200,101.938,101.947,101.937,101.939,,,,,,,,,,,,,,,,,,
1791334320,101.941,101.952,101.934,101.951,,,,,,,,,,,,,,,,,,
1791334440,101.953,101.955,101.946,101.95,,,,,,,,,,,,,,,,,,
1791334560,101.955,101.956,101.95,101.952,,,,,,,,,,,,,,,,,,
1791334680,101.956,101.957,101.951,101.953,,,,,,,,,,,,,,,,,,
1791334800,101.955,101.974,101.952,101.974,,,,,,,,,,,,,,,,,,
1791334920,101.975,101.976,101.967,101.972,,,,,,,,,,,,,,,,,,
1791335040,101.974,101.976,101.969,101.97,,,,,,,,,,,,,,,,,,
1791335160,101.972,101.981,101.97,101.979,,,,,,,,,,,,,,,,,,
1791335280,101.978,101.981,101.97,101.97,,,,,,,,,,,,,,,,,,
1791335400,101.969,101.976,101.964,101.969,,,,,,,,,,,,,,,,,,
1791335520,101.97,101.972,101.961,101.967,,,,,,,,,,,,,,,,,,
1791335640,101.971,101.974,101.966,101.97,,,,,,,,,,,,,,,,,,
1791335760,101.971,101.974,101.966,101.971,,,,,,,,,,,,,,,,,,
1791335880,101.97,101.979,101.965,101.972,,,,,,,,,,,,,,,,,,
1791336000,101.973,101.99,101.973,101.988,,,,,,,,,,,,,,,,,,
1791336120,101.989,101.991,101.978,101.98,,,,,,,,,,,,,,,,,,
1791336240,101.983,101.989,101.975,101.975,,,,,,,,,,,,,,,,,,
1791336360,101.977,101.981,101.974,101.981,,,,,,,,,,,,,,,,,,
1791336480,101.983,101.983,101.976,101.981,,,,,,,,,,,,,,,,,,
1791336600,101.987,101.987,101.967,101.969,,,,,,,,,,,,,,,,,,
1791336720,101.97,101.982,101.97,101.977,,,,,,,,,,,,,,,,,,
1791336840,101.978,101.989,101.976,101.982,,,,,,,,,,,,,,,,,,
1791336960,101.984,101.984,101.977,101.98,,,,,,,,,,,,,,,,,,
1791337080,101.985,101.985,101.976,101.978,,,,,,,,,,,,,,,,,,
1791337200,101.981,101.985,101.977,101.978,,,,,,,,,,,,,,,,,,
1791337320,101.978,101.987,101.978,101.981,,,,,,,,,,,,,,,,,,
1791337440,101.982,101.984,101.974,101.982,,,,,,,,,,,,,,,,,,
1791337560,101.978,101.982,101.974,101.976,,,,,,,,,,,,,,,,,,
1791337680,101.979,101.994,101.973,101.994,,,,,,,,,,,,,,,,,,
1791337800,101.994,102.006,101.992,102.001,,,,,,,,,,,,,,,,,,
1791337920,102.005,102.005,101.998,102,,,,,,,,,,,,,,,,,,
1791338040,102.005,102.012,102,102.005,,,,,,,,,,,,,,,,,,
1791338160,102.005,102.013,102.005,102.01,,,,,,,,,,,,,,,,,,
1791338280,102.013,102.014,102.009,102.013,,,,,,,,,,,,,,,,,,
1791338400,102.014,102.02,102.008,102.01,,,,,,,,,,,,,,,,,,
1791338520,102.009,102.028,102.008,102.026,,,,,,,,,,,,,,,,,,
1791338640,102.028,102.048,102.025,102.046,,,,,,,,,,,,,,,,,,
1791338760,102.045,102.048,102.036,102.039,,,,,,,,,,,,,,,,,,
1791338880,102.041,102.044,102.035,102.04,,,,,,,,,,,,,,,,,,
1791339000,102.039,102.046,102.038,102.045,,,,,,,,,,,,,,,,,,
1791339120,102.045,102.056,102.044,102.05,,,,,,,,,,,,,,,,,,
1791339240,102.05,102.056,102.046,102.047,,,,,,,,,,,,,,,,,,
1791339360,102.05,102.051,102.041,102.048,,,,,,,,,,,,,,,,,,
1791339480,102.051,102.051,102.044,102.049,,,,,,,,,,,,,,,,,,
1791339600,102.054,102.057,102.047,102.057,,,,,,,,,,,,,,,,,,
1791339720,102.056,102.063,102.054,102.056,,,,,,,,,,,,,,,,,,
1791339840,102.056,102.059,102.045,102.045,,,,,,,,,,,,,,,,,,
1791339960,102.051,102.054,102.047,102.052,,,,,,,,,,,,,,,,,,
1791340080,102.054,102.054,102.037,102.039,,,,,,,,,,,,,,,,,,
1791340200,102.037,102.047,102.037,102.041,,,,,,,,,,,,,,,,,,
1791340320,102.042,102.043,102.037,102.038,,,,,,,,,,,,,,,,,,
1791340440,102.041,102.042,102.035,102.04,,,,,,,,,,,,,,,,,,
1791340560,102.042,102.048,102.036,102.047,,,,,,,,,,,,,,,,,,
1791340680,102.046,102.047,102.042,102.044,,,,,,,,,,,,,,,,,,
1791340800,102.043,102.05,102.042,102.05,,,,,,,,,,,,,,,,,,
1791340920,102.049,102.056,102.046,102.05,,,,,,,,,,,,,,,,,,
1791341040,102.052,102.053,102.046,102.048,,,,,,,,,,,,,,,,,,
1791341160,102.047,102.057,102.045,102.054,,,,,,,,,,,,,,,,,,
1791341280,102.059,102.061,102.052,102.059,,,,,,,,,,,,,,,,,,
1791341400,102.062,102.062,102.055,102.058,,,,,,,,,,,,,,,,,,
1791341520,102.062,102.063,102.056,102.059,,,,,,,,,,,,,,,,,,
1791341640,102.058,102.061,102.052,102.053,,,,,,,,,,,,,,,,,,
1791341760,102.055,102.057,102.044,102.047,,,,,,,,,,,,,,,,,,
1791341880,102.052,102.052,102.041,102.046,,,,,,,,,,,,,,,,,,
1791342000,102.048,102.055,102.044,102.048,,,,,,,,,,,,,,,,,,
1791342120,102.045,102.051,102.041,102.041,,,,,,,,,,,,,,,,,,
1791342240,102.045,102.045,102.037,102.042,,,,,,,,,,,,,,,,,,
1791342360,102.044,102.044,102.03,102.033,,,,,,,,,,,,,,,,,,
1791342480,102.031,102.038,102.027,102.032,,,,,,,,,,,,,,,,,,
1791342600,102.033,102.034,102.025,102.025,,,,,,,,,,,,,,,,,,
1791342720,102.026,102.035,102.025,102.028,,,,,,,,,,,,,,,,,,
1791342840,102.03,102.03,102.023,102.026,,,,,,,,,,,,,,,,,,
1791342960,102.029,102.032,102.022,102.024,,,,,,,,,,,,,,,,,,
1791343080,102.027,102.029,102.023,102.026,,,,,,,,,,,,,,,,,,
1791343200,102.027,102.033,102.023,102.03,,,,,,,,,,,,,,,,,,
1791343320,102.034,102.039,102.028,102.035,,,,,,,,,,,,,,,,,,
1791343440,102.039,102.039,102.029,102.031,,,,,,,,,,,,,,,,,,
1791343560,102.033,102.033,102.025,102.026,,,,,,,,,,,,,,,,,,
1791343680,102.028,102.03,102.022,102.027,,,,,,,,,,,,,,,,,,
1791343800,102.032,102.032,102.026,102.028,,,,,,,,,,,,,,,,,,
1791343920,102.027,102.029,102.022,102.024,,,,,,,,,,,,,,,,,,
1791344040,102.023,102.032,102.021,102.027,,,,,,,,,,,,,,,,,,
1791344160,102.029,102.029,102.022,102.024,,,,,,,,,,,,,,,,,,
1791344280,102.028,102.028,102.017,102.017,,,,,,,,,,,,,,,,,,
1791344400,102.018,102.019,102.011,102.013,,,,,,,,,,,,,,,,,,
1791344520,102.013,102.023,102.013,102.022,,,,,,,,,,,,,,,,,,
1791344640,102.025,102.027,102.017,102.022,,,,,,,,,,,,,,,,,,
1791344760,102.021,102.029,102.019,102.027,,,,,,,,,,,,,,,,,,
1791344880,102.025,102.029,102.024,102.026,,,,,,,,,,,,,,,,,,
1791345000,102.029,102.029,102.021,102.023,,,,,,,,,,,,,,,,,,
1791345120,102.025,102.03,102.02,102.028,,,,,,,,,,,,,,,,,,
1791345240,102.027,102.033,102.024,102.024,,,,,,,,,,,,,,,,,,
1791345360,102.026,102.028,102.019,102.027,,,,,,,,,,,,,,,,,,
1791345480,102.031,102.031,102.025,102.029,,,,,,,,,,,,,,,,,,
1791345600,102.032,102.039,102.028,102.032,,,,,,,,,,,,,,,,,,
1791345720,102.038,102.038,102.032,102.033,,,,,,,,,,,,,,,,,,
1791345840,102.033,102.04,102.03,102.036,,,,,,,,,,,,,,,,,,
1791345960,102.036,102.044,102.035,102.04,,,,,,,,,,,,,,,,,,
1791346080,102.038,102.041,102.032,102.032,,,,,,,,,,,,,,,,,,
1791346200,102.03,102.036,102.03,102.035,,,,,,,,,,,,,,,,,,
1791346320,102.035,102.042,102.032,102.041,,,,,,,,,,,,,,,,,,
1791346440,102.046,102.052,102.04,102.045,,,,,,,,,,,,,,,,,,
1791346560,102.045,102.056,102.043,102.054,,,,,,,,,,,,,,,,,,
1791346680,102.059,102.065,102.055,102.065,,,,,,,,,,,,,,,,,,
1791346800,102.065,102.068,102.06,102.066,,,,,,,,,,,,,,,,,,
1791346920,102.068,102.068,102.063,102.067,,,,,,,,,,,,,,,,,,
1791347040,102.067,102.069,102.064,102.069,,,,,,,,,,,,,,,,,,
1791347160,102.07,102.093,102.07,102.089,,,,,,,,,,,,,,,,,,
1791347280,102.093,102.093,102.083,102.083,,,,,,,,,,,,,,,,,,
1791347400,102.084,102.084,102.077,102.077,,,,,,,,,,,,,,,,,,
1791347520,102.078,102.081,102.073,102.078,,,,,,,,,,,,,,,,,,
1791347640,102.075,102.081,102.074,102.076,,,,,,,,,,,,,,,,,,
1791347760,102.078,102.081,102.075,102.079,,,,,,,,,,,,,,,,,,
1791347880,102.078,102.081,102.073,102.075,,,,,,,,,,,,,,,,,,
1791348000,102.073,102.077,102.072,102.074,,,,,,,,,,,,,,,,,,
1791348120,102.077,102.08,102.074,102.076,,,,,,,,,,,,,,,,,,
1791348240,102.077,102.082,102.071,102.071,,,,,,,,,,,,,,,,,,
1791348360,102.074,102.076,102.067,102.07,,,,,,,,,,,,,,,,,,
1791348480,102.072,102.072,102.06,102.067,,,,,,,,,,,,,,,,,,
1791348600,102.068,102.068,102.059,102.062,,,,,,,,,,,,,,,,,,
1791348720,102.062,102.07,102.061,102.065,,,,,,,,,,,,,,,,,,
1791348840,102.066,102.071,102.062,102.064,102.06566666666667,0,1,1,0,,1,123456,,1791331200000,102.066,102.071,102.062,102.064,,0,0,1791348840000
1791348960,102.067,102.067,102.056,102.06,102.06099999999999,0,1,1,0,,1,123456,,1791331200000,102.067,102.067,102.056,102.06,,1,1,1791348960000
1791349080,102.059,102.07,102.055,102.067,102.06400000000001,0,1,1,0,,1,123456,,1791331200000,102.059,102.07,102.055,102.067,,2,2,1791349080000
1791349200,102.068,102.075,102.065,102.072,102.07066666666667,0,1,1,0,,1,123456,,1791331200000,102.068,102.075,102.065,102.072,,3,3,1791349200000
1791349320,102.075,102.08,102.068,102.07,102.07266666666665,0,1,1,0,,1,123456,,1791331200000,102.075,102.08,102.068,102.07,,4,4,1791349320000
1791349440,102.071,102.071,102.06,102.064,102.065,0,1,1,0,,1,123456,,1791331200000,102.071,102.071,102.06,102.064,,5,5,1791349440000
1791349560,102.065,102.066,102.058,102.064,102.06266666666666,0,1,1,0,,1,123456,,1791331200000,102.065,102.066,102.058,102.064,,6,6,1791349560000
1791349680,102.061,102.073,102.061,102.068,102.06733333333334,0,1,1,0,,1,123456,,1791331200000,102.061,102.073,102.061,102.068,,7,7,1791349680000
1791349800,102.066,102.072,102.06,102.062,102.06466666666667,0,1,1,0,,1,123456,,1791331200000,102.066,102.072,102.06,102.062,,8,8,1791349800000
1791349920,102.064,102.079,102.06,102.076,102.07166666666667,0,1,1,0,,1,123456,,1791331200000,102.064,102.079,102.06,102.076,,9,9,1791349920000
1791350040,102.074,102.089,102.073,102.083,102.08166666666666,0,1,1,0,,1,123456,,1791331200000,102.074,102.089,102.073,102.083,,10,10,1791350040000
1791350160,102.086,102.086,102.07,102.075,102.077,0,1,1,0,,1,123456,,1791331200000,102.086,102.086,102.07,102.075,,11,11,1791350160000
1791350280,102.078,102.078,102.071,102.076,102.075,0,1,1,0,,1,123456,,1791331200000,102.078,102.078,102.071,102.076,,12,12,1791350280000
1791350400,102.079,102.087,102.074,102.084,102.08166666666666,0,1,1,0,,1,123456,,1791331200000,102.079,102.087,102.074,102.084,,13,13,1791350400000
1791350520,102.088,102.088,102.078,102.081,102.08233333333334,0,1,1,0,,1,123456,,1791331200000,102.088,102.088,102.078,102.081,,14,14,1791350520000
1791350640,102.081,102.087,102.074,102.08,102.08033333333333,0,1,1,0,,1,123456,,1791331200000,102.081,102.087,102.074,102.08,,15,15,1791350640000
1791350760,102.084,102.091,102.079,102.083,102.08433333333333,0,1,1,0,,1,123456,,1791331200000,102.084,102.091,102.079,102.083,,16,16,1791350760000
1791350880,102.088,102.099,102.083,102.094,102.092,0,1,1,0,,1,123456,,1791331200000,102.088,102.099,102.083,102.094,,17,17,1791350880000
1791351000,102.098,102.101,102.093,102.098,102.09733333333334,0,1,1,0,,1,123456,,1791331200000,102.098,102.101,102.093,102.098,,18,18,1791351000000
1791351120,102.1,102.101,102.089,102.091,102.09366666666666,0,1,1,0,,1,123456,,1791331200000,102.1,102.101,102.089,102.091,,19,19,1791351120000
1791351240,102.089,102.096,102.086,102.091,102.09100000000001,0,1,1,0,,1,123456,,1791331200000,102.089,102.096,102.086,102.091,,20,20,1791351240000
1791351360,102.095,102.095,102.089,102.09,102.09133333333334,0,1,1,0,,1,123456,,1791331200000,102.095,102.095,102.089,102.09,,21,21,1791351360000
1791351480,102.095,102.097,102.089,102.092,102.09266666666666,0,1,1,0,,1,123456,,1791331200000,102.095,102.097,102.089,102.092,,22,22,1791351480000
1791351600,102.095,102.096,102.088,102.088,102.09066666666666,0,1,1,0,,1,123456,,1791331200000,102.095,102.096,102.088,102.088,,23,23,1791351600000
1791351720,102.09,102.092,102.078,102.079,102.08300000000001,0,1,1,0,,1,123456,,1791331200000,102.09,102.092,102.078,102.079,,24,24,1791351720000
1791351840,102.083,102.083,102.065,102.068,102.072,0,1,1,0,,1,123456,,1791331200000,102.083,102.083,102.065,102.068,,25,25,1791351840000
1791351960,102.07,102.073,102.064,102.068,102.06833333333333,0,1,1,0,,1,123456,,1791331200000,102.07,102.073,102.064,102.068,,26,26,1791351960000
1791352080,102.067,102.074,102.062,102.072,102.06933333333332,0,1,1,0,,1,123456,,1791331200000,102.067,102.074,102.062,102.072,,27,27,1791352080000
1791352200,102.077,102.08,102.069,102.071,102.07333333333334,0,1,1,0,,1,123456,,1791331200000,102.077,102.08,102.069,102.071,,28,28,1791352200000
1791352320,102.07,102.076,102.067,102.073,102.07199999999999,0,1,1,0,,1,123456,,1791331200000,102.07,102.076,102.067,102.073,,29,29,1791352320000
1791352440,102.075,102.075,102.055,102.063,102.06433333333332,0,1,1,0,,1,123456,,1791331200000,102.075,102.075,102.055,102.063,,30,30,1791352440000
1791352560,102.064,102.067,102.061,102.063,102.06366666666666,0,1,1,0,,1,123456,,1791331200000,102.064,102.067,102.061,102.063,,31,31,1791352560000