time,open,high,low,close,volume,IF_NoMatch_NA,IF_NoMatch_EmptyEquality,IF_NoMatch_Length,UDF_IF_NoMatch_NA,UDF_IF_NoMatch_EmptyEquality,UDF_IF_NoMatch_Length,Selected_NA_Control,Selected_AZ_Control,Selected_Length_Control,Empty_NA_Control,Empty_Equality_Control,Empty_Length_Control,DeclaredMissing_NA_Control,DeclaredMissing_EmptyEquality_Control,DeclaredMissing_Length_Control,Bar_Index_Control,Close_Control,SAMPLE_INDEX,SOURCE_INDEX,SOURCE_TIME,CAPTURE_IS_OPEN_BAR
1791348120,84110.41,84118.01,84044,84044.01,,1,1,0,1,1,0,0,1,2,1,1,0,1,1,0,0,84044.01,0,0,1791348120000,0
1791348240,84044.01,84120.09,84044,84110,,1,1,0,1,1,0,0,1,2,1,1,0,1,1,0,1,84110,1,1,1791348240000,0
1791348360,84110,84133.95,84110,84133.94,,1,1,0,1,1,0,0,1,2,1,1,0,1,1,0,2,84133.94,2,2,1791348360000,0
1791348480,84133.95,84136.01,84112.12,84135.36,,1,1,0,1,1,0,0,1,2,1,1,0,1,1,0,3,84135.36,3,3,1791348480000,0
1791348600,84135.35,84174.01,84135.35,84163.92,,1,1,0,1,1,0,0,1,2,1,1,0,1,1,0,4,84163.92,4,4,1791348600000,0
1791348720,84163.93,84180.95,84143.23,84143.23,,1,1,0,1,1,0,0,1,2,1,1,0,1,1,0,5,84143.23,5,5,1791348720000,0
1791348840,84143.23,84143.23,84100,84100,,1,1,0,1,1,0,0,1,2,1,1,0,1,1,0,6,84100,6,6,1791348840000,0
1791348960,84100.01,84106.94,84086.78,84106.93,,1,1,0,1,1,0,0,1,2,1,1,0,1,1,0,7,84106.93,7,7,1791348960000,0
1791349080,84106.93,84106.94,84097.68,84103.06,,1,1,0,1,1,0,0,1,2,1,1,0,1,1,0,8,84103.06,8,8,1791349080000,0
1791349200,84103.07,84117.53,84103.06,84105.19,,1,1,0,1,1,0,0,1,2,1,1,0,1,1,0,9,84105.19,9,9,1791349200000,0
1791349320,84105.19,84138.16,84105.18,84130.01,,1,1,0,1,1,0,0,1,2,1,1,0,1,1,0,10,84130.01,10,10,1791349320000,0
1791349440,84130,84140.01,84084.47,84140.01,,1,1,0,1,1,0,0,1,2,1,1,0,1,1,0,11,84140.01,11,11,1791349440000,0
1791349560,84140.01,84149.04,84126,84149.04,,1,1,0,1,1,0,0,1,2,1,1,0,1,1,0,12,84149.04,12,12,1791349560000,0
1791349680,84149.03,84200.01,84149.03,84200,,1,1,0,1,1,0,0,1,2,1,1,0,1,1,0,13,84200,13,13,1791349680000,0
1791349800,84200.01,84216.86,84190.01,84208.56,,1,1,0,1,1,0,0,1,2,1,1,0,1,1,0,14,84208.56,14,14,1791349800000,0
1791349920,84208.56,84210.5,84160.2,84177.13,,1,1,0,1,1,0,0,1,2,1,1,0,1,1,0,15,84177.13,15,15,1791349920000,0
1791350040,84177.14,84189.72,84171.61,84186,,1,1,0,1,1,0,0,1,2,1,1,0,1,1,0,16,84186,16,16,1791350040000,0
1791350160,84186.01,84186.01,84170,84170.01,,1,1,0,1,1,0,0,1,2,1,1,0,1,1,0,17,84170.01,17,17,1791350160000,0
1791350280,84170.01,84186.96,84170,84186.96,,1,1,0,1,1,0,0,1,2,1,1,0,1,1,0,18,84186.96,18,18,1791350280000,0
1791350400,84186.96,84218.01,84186.96,84218.01,,1,1,0,1,1,0,0,1,2,1,1,0,1,1,0,19,84218.01,19,19,1791350400000,0
1791350520,84218,84244.01,84218,84234.74,,1,1,0,1,1,0,0,1,2,1,1,0,1,1,0,20,84234.74,20,20,1791350520000,0
1791350640,84234.75,84234.75,84216.95,84219.49,,1,1,0,1,1,0,0,1,2,1,1,0,1,1,0,21,84219.49,21,21,1791350640000,0
1791350760,84219.49,84234.01,84219.48,84230.27,,1,1,0,1,1,0,0,1,2,1,1,0,1,1,0,22,84230.27,22,22,1791350760000,0
1791350880,84230.27,84230.28,84194,84194,,1,1,0,1,1,0,0,1,2,1,1,0,1,1,0,23,84194,23,23,1791350880000,0
1791351000,84194.01,84240.01,84194,84240,,1,1,0,1,1,0,0,1,2,1,1,0,1,1,0,24,84240,24,24,1791351000000,0
1791351120,84240.01,84249.88,84240,84240.22,,1,1,0,1,1,0,0,1,2,1,1,0,1,1,0,25,84240.22,25,25,1791351120000,0
1791351240,84240.22,84240.22,84214.71,84220.05,,1,1,0,1,1,0,0,1,2,1,1,0,1,1,0,26,84220.05,26,26,1791351240000,0
1791351360,84220.05,84220.05,84176.14,84186.01,,1,1,0,1,1,0,0,1,2,1,1,0,1,1,0,27,84186.01,27,27,1791351360000,0
1791351480,84186,84198.01,84186,84198,,1,1,0,1,1,0,0,1,2,1,1,0,1,1,0,28,84198,28,28,1791351480000,0
1791351600,84198.01,84242.01,84198,84242,,1,1,0,1,1,0,0,1,2,1,1,0,1,1,0,29,84242,29,29,1791351600000,0
1791351720,84242,84242.01,84212,84212,,1,1,0,1,1,0,0,1,2,1,1,0,1,1,0,30,84212,30,30,1791351720000,0
1791351840,84212,84213.36,84212,84213.36,,1,1,0,1,1,0,0,1,2,1,1,0,1,1,0,31,84213.36,31,31,1791351840000,1
